Bem Pat;Seq;Conta;Descrição Conta;Narrativa;Data Inv.;Plaqueta;Localização;Centro Custo;MARCA;MODELO
15246;0;132010506;EQUIPAMENTOS C.P.D. - COML.;HP NOTEBOOK 6460B;30/11/2016;24503;ARQUIVO;3112;DELL;
15117;0;132010506;EQUIPAMENTOS C.P.D. - COML.;MICROCOMPUTADOR PORTATIL DELL LATITUDE E;30/11/2016;16369;ARQUIVO;3112;DELL;LA.E7440
12141;0;132010506;EQUIPAMENTOS C.P.D. - COML.;PROJETOR DELL 1420 X;30/11/2016;16585;ARQUIVO;3112;DELL;1510X
13917;0;132010904;MOVEIS E UTENSILIOS - COML.;UNIDADE CONDENSADORA HITACHI;30/11/2016;24507;RECEPÇÃO ;3112;HITACH;
13918;0;132010904;MOVEIS E UTENSILIOS - COML.;UNIDADE CONDENSADORA HITACHI;30/11/2016;24509;SAL.REUNIÃO ;3112;HITACH;
16352;0;132010904;MOVEIS E UTENSILIOS - COML.;AR-CONDICIONADO PARA O CD DE CUIABA.;30/11/2016;16352;NI;3112;;
13919;0;132010904;MOVEIS E UTENSILIOS - COML.;UNIDADE CONDENSADORA HITACHI;30/11/2016;24511;TREINAMENTO;3112;HITACH;
13920;0;132010904;MOVEIS E UTENSILIOS - COML.;UNIDADE CONDENSADORA HITACHI;30/11/2016;24512;TREINAMENTO;3112;HITACH;
16215;0;132010506;EQUIPAMENTOS C.P.D. - COML.;PROJETOR MULT. POWERLITE S18;30/11/2016;16215;TREINAMENTO;3112;EPSON;POW S18+
13936;0;132010904;MOVEIS E UTENSILIOS - COML.;MESA TRAPEZOIDAL PLU 7006,  COM TAMPO EM;30/11/2016;24513;TREINAMENTO;3112;;
13937;0;132010904;MOVEIS E UTENSILIOS - COML.;MESA TRAPEZOIDAL PLU 7006,  COM TAMPO EM;30/11/2016;24514;TREINAMENTO;3112;;
13938;0;132010904;MOVEIS E UTENSILIOS - COML.;MESA TRAPEZOIDAL PLU 7006,  COM TAMPO EM;30/11/2016;24515;TREINAMENTO;3112;;
13939;0;132010904;MOVEIS E UTENSILIOS - COML.;MESA TRAPEZOIDAL PLU 7006,  COM TAMPO EM;30/11/2016;24516;TREINAMENTO;3112;;
13940;0;132010904;MOVEIS E UTENSILIOS - COML.;MESA TRAPEZOIDAL PLU 7006,  COM TAMPO EM;30/11/2016;24517;TREINAMENTO;3112;;
13941;0;132010904;MOVEIS E UTENSILIOS - COML.;MESA TRAPEZOIDAL PLU 7006,  COM TAMPO EM;30/11/2016;24518;TREINAMENTO;3112;;
13942;0;132010904;MOVEIS E UTENSILIOS - COML.;MESA TRAPEZOIDAL PLU 7006,  COM TAMPO EM;30/11/2016;24519;TREINAMENTO;3112;;
13943;0;132010904;MOVEIS E UTENSILIOS - COML.;MESA TRAPEZOIDAL PLU 7006,  COM TAMPO EM;30/11/2016;24520;TREINAMENTO;3112;;
13944;0;132010904;MOVEIS E UTENSILIOS - COML.;MESA TRAPEZOIDAL PLU 7006,  COM TAMPO EM;30/11/2016;24521;TREINAMENTO;3112;;
13945;0;132010904;MOVEIS E UTENSILIOS - COML.;MESA TRAPEZOIDAL PLU 7006,  COM TAMPO EM;30/11/2016;24522;TREINAMENTO;3112;;
13946;0;132010904;MOVEIS E UTENSILIOS - COML.;MESA RETANGULAR PLU7022 COM TAMPO EM FIB;30/11/2016;24523;TREINAMENTO;3112;;
13921;0;132010904;MOVEIS E UTENSILIOS - COML.;UNIDADE CONDENSADORA HITACHI;30/11/2016;24524;ARQ. MORTO;3112;HITACH;
13922;0;132010904;MOVEIS E UTENSILIOS - COML.;UNIDADE CONDENSADORA HITACHI;30/11/2016;24525;COPA;3112;HITACH;
13923;0;132010904;MOVEIS E UTENSILIOS - COML.;UNIDADE CONDENSADORA HITACHI;30/11/2016;24527;APOIO TÉC.;2191;HITACH;
13924;0;132010904;MOVEIS E UTENSILIOS - COML.;UNIDADE CONDENSADORA HITACHI;30/11/2016;24529;RECEPÇÃO G.V;2140;HITACH;
13925;0;132010904;MOVEIS E UTENSILIOS - COML.;UNIDADE CONDENSADORA HITACHI;30/11/2016;24530;RECEPÇÃO G.V;2140;HITACH;
13829;0;132010904;MOVEIS E UTENSILIOS - COML.;SOFA 03 LUGARES MILENIO;30/11/2016;24532;RECEPÇÃO G.V;2140;;
13830;0;132010904;MOVEIS E UTENSILIOS - COML.;SOFA 03 LUGARES MILENIO;30/11/2016;24533;RECEPÇÃO G.V;2140;;
13876;0;132010904;MOVEIS E UTENSILIOS - COML.;UNIDADE CONDENSADORA HITACHI CAPAC.18000;30/11/2016;24538;GEREN. VENDA;2140;HITACH;
14581;0;132010904;MOVEIS E UTENSILIOS - COML.;ARMARIO BRANCO COM 3 GAVETAS;30/11/2016;24542;GEREN. VENDA;2140;;
13877;0;132010904;MOVEIS E UTENSILIOS - COML.;UNIDADE CONDENSADORA HITACHI CAPAC.18000;30/11/2016;24553;ADM. CUIABA;3112;HITACH;
16763;0;132010506;EQUIPAMENTOS C.P.D. - COML.;"LATITUDE E7450 (ULTRABOOK - TELA 14"") -";30/11/2016;16760;ADM. CUIABA;3112;DELL;LA.E7450
13878;0;132010904;MOVEIS E UTENSILIOS - COML.;UNIDADE CONDENSADORA HITACHI CAPAC.18000;30/11/2016;24556;ADM. CUIABA;3112;HITACH;
13926;0;132010904;MOVEIS E UTENSILIOS - COML.;UNIDADE CONDENSADORA HITACHI CAPAC.9000;30/11/2016;24561;ADM. CUIABA;3112;HITACH;
15410;0;132010506;EQUIPAMENTOS C.P.D. - COML.;MONITOR HP LDC 18,5;30/11/2016;24565;ADM. CUIABA;3112;HP;L185B
15412;0;132010506;EQUIPAMENTOS C.P.D. - COML.;DESKTOP HP COMPAQ 6200 MT BRASIL BRG216FB24;30/11/2016;24566;ADM. CUIABA;3112;HP;6200
13927;0;132010904;MOVEIS E UTENSILIOS - COML.;UNIDADE CONDENSADORA HITACHI CAPAC.9000;30/11/2016;24567;ADM. CUIABA;3112;HITACH;
15325;0;132010506;EQUIPAMENTOS C.P.D. - COML.;DESKTOP HP COMPAQ 6200 MT BRASIL BRG216FB04;30/11/2016;24574;ADM. CUIABA;3112;HP;6200
15408;0;132010506;EQUIPAMENTOS C.P.D. - COML.;MONITOR HP LDC 18,5;30/11/2016;24575;ADM. CUIABA;3112;HP;L185B
14431;1;132010506;EQUIPAMENTOS C.P.D. - COML.;MICROCOMPUTADOR DELL OPTIPLEX 990 37T72R1;30/11/2016;24578;ADM. CUIABA;3112;DELL;OPT. 990
13866;0;132010904;MOVEIS E UTENSILIOS - COML.;MESA P/ REFEITORIO C/ 04 BANQUETAS ESCAM;30/11/2016;24580;REFEITÓRIO ;3112;;
13867;0;132010904;MOVEIS E UTENSILIOS - COML.;MESA P/ REFEITORIO C/ 04 BANQUETAS ESCAM;30/11/2016;24581;REFEITÓRIO ;3112;;
13868;0;132010904;MOVEIS E UTENSILIOS - COML.;MESA P/ REFEITORIO C/ 04 BANQUETAS ESCAM;30/11/2016;24582;REFEITÓRIO ;3112;;
13869;0;132010904;MOVEIS E UTENSILIOS - COML.;MESA P/ REFEITORIO C/ 04 BANQUETAS ESCAM;30/11/2016;24583;REFEITÓRIO ;3112;;
13928;0;132010904;MOVEIS E UTENSILIOS - COML.;UNIDADE CONDENSADORA HITACHI CAPAC.9000;30/11/2016;24584;REFEITÓRIO ;3112;HITACH;
16816;0;132010904;MOVEIS E UTENSILIOS - COML.;RELÓGIO DE PONTO REP - MODELO MD 0705 QU;30/11/2016;16816;GERAL;3112;MADIS;MD-0705
13831;0;132010904;MOVEIS E UTENSILIOS - COML.;SOFA 03 LUGARES MILENIO;30/11/2016;24589;DESCANSO;3112;;
13825;0;132010904;MOVEIS E UTENSILIOS - COML.;SOFA 03 LUGARES MILENIO.;30/11/2016;24590;DESCANSO;3112;;
14426;0;132010904;MOVEIS E UTENSILIOS - COML.;"TELEVISOR SAMSUNG 32"" LCD SÉRIE 4";30/11/2016;24592;DESCANSO;3112;SAMSUG;32
704786;5;132010904;MOVEIS E UTENSILIOS - COML.;UNIDADE CONDENSADORA RAA025H3S 220V/60Hz;30/11/2016;24593;DESCANSO;3112;HITACH;
704786;6;132010904;MOVEIS E UTENSILIOS - COML.;UNIDADE CONDENSADORA RAA025H3S 220V/60Hz;30/11/2016;24593;DESCANSO;3112;HITACH;
704786;0;132010904;MOVEIS E UTENSILIOS - COML.;RACK PISO 44USX1000 - GR C/KIT DE VENTIL;30/11/2016;24593;DESCANSO;3112;HITACH;
14550;0;132010904;MOVEIS E UTENSILIOS - COML.;BEBEDOURO MASTER BRANCO LIBELL.;30/11/2016;24603;ADM. CUIABA;3112;LIBELL;
14357;0;132010904;MOVEIS E UTENSILIOS - COML.;BEBEDOURO INDUSTRIAL INOX 50 LTS 220V.;30/11/2016;24605;DEPÓSITO ;3112;RIMAZE;
704786;7;132010904;MOVEIS E UTENSILIOS - COML.;UNIDADE CONDENSADORA RAA025H3S 220V/60Hz;30/11/2016;24593;DESCANSO;3112;HITACH;
13871;0;132010904;MOVEIS E UTENSILIOS - COML.;MESA P/ REFEITORIO C/ 04 BANQUETAS ESCAM;30/11/2016;24606;DEPÓSITO ;3112;;
13870;0;132010904;MOVEIS E UTENSILIOS - COML.;MESA P/ REFEITORIO C/ 04 BANQUETAS ESCAM;30/11/2016;24607;DEPÓSITO ;3112;;
13872;0;132010904;MOVEIS E UTENSILIOS - COML.;MESA P/REFEITORIO C/06 BANQUETAS ESCAMOT;30/11/2016;24608;DEPÓSITO ;3112;;
9901;0;132010904;MOVEIS E UTENSILIOS - COML.;REFRIGERADOR ELETROLUX RDE35 110V BRA;30/11/2016;24609;DEPÓSITO ;3112;CONSUL;
13843;0;132010904;MOVEIS E UTENSILIOS - COML.;ARMARIO DE ACO 16 PORTAS 1.98x1.23x0.40;30/11/2016;24611;DEPÓSITO ;3112;;
13844;0;132010904;MOVEIS E UTENSILIOS - COML.;ARMARIO DE ACO 16 PORTAS 1.98x1.23x0.40;30/11/2016;24612;DEPÓSITO ;3112;;
16620;0;132010904;MOVEIS E UTENSILIOS - COML.;ARMÁRIO CORTA-FOGO, ALTURA 2.000mm x LAR;30/11/2016;16620;DEPÓSITO ;3112;;
14356;0;132010904;MOVEIS E UTENSILIOS - COML.;BEBEDOURO INDUSTRIAL INOX 50 LTS 220V.;30/11/2016;24614;MOTORISTAS ;3112;;
12141;1;132010506;EQUIPAMENTOS C.P.D. - COML.;MALETA P/ PROJETOR DELL;30/11/2016;16585;ARQUIVO;3112;DELL;1510X
16763;1;132010506;EQUIPAMENTOS C.P.D. - COML.;MOUSE;30/11/2016;16760;ADM. CUIABA;3112;DELL;LA.E7450
13881;0;132010904;MOVEIS E UTENSILIOS - COML.;UNIDADE EVAPORADORA HITACHI 220V 60HZ.;30/11/2016;24509;NI;3112;;
13879;0;132010904;MOVEIS E UTENSILIOS - COML.;UNIDADE EVAPORADORA HITACHI 220V 60HZ.;30/11/2016;24512;NI;3112;;
13880;0;132010904;MOVEIS E UTENSILIOS - COML.;UNIDADE EVAPORADORA HITACHI 220V 60HZ.;30/11/2016;24511;NI;3112;;
13905;0;132010904;MOVEIS E UTENSILIOS - COML.;UNIDADE EVAPORADORA HITACHI SILVER;30/11/2016;24584;NI;3112;;
13906;0;132010904;MOVEIS E UTENSILIOS - COML.;UNIDADE EVAPORADORA HITACHI SILVER;30/11/2016;24593;NI;3112;;
13907;0;132010904;MOVEIS E UTENSILIOS - COML.;UNIDADE EVAPORADORA HITACHI SILVER;30/11/2016;24538;NI;3112;;
13908;0;132010904;MOVEIS E UTENSILIOS - COML.;UNIDADE EVAPORADORA HITACHI SILVER;30/11/2016;24529;NI;3112;;
13909;0;132010904;MOVEIS E UTENSILIOS - COML.;UNIDADE EVAPORADORA HITACHI SILVER;30/11/2016;24530;NI;3112;;
13910;0;132010904;MOVEIS E UTENSILIOS - COML.;UNIDADE EVAPORADORA HITACHI SILVER;30/11/2016;24507;NI;3112;;
13911;0;132010904;MOVEIS E UTENSILIOS - COML.;UNIDADE EVAPORADORA HITACHI SILVER;30/11/2016;24567;NI;3112;;
13912;0;132010904;MOVEIS E UTENSILIOS - COML.;UNIDADE EVAPORADORA HITACHI SILVER;30/11/2016;24561;NI;3112;;
13913;0;132010904;MOVEIS E UTENSILIOS - COML.;UNIDADE EVAPORADORA HITACHI SILVER;30/11/2016;24556;NI;3112;;
13874;0;132010904;MOVEIS E UTENSILIOS - COML.;UNIDADE EVAPORADORA HITACHI SILVER CAPAC;30/11/2016;24527;NI;3112;;
13875;0;132010904;MOVEIS E UTENSILIOS - COML.;UNIDADE EVAPORADORA HITACHI SILVER CAPAC;30/11/2016;24524;NI;3112;;
13914;0;132010904;MOVEIS E UTENSILIOS - COML.;UNIDADE EVAPORADORA HITACHI SILVER, CAP.;30/11/2016;24553;NI;3112;;
13915;0;132010904;MOVEIS E UTENSILIOS - COML.;UNIDADE EVAPORADORA HITACHI SILVER, CAP.;30/11/2016;24525;NI;3112;;
13916;0;132010904;MOVEIS E UTENSILIOS - COML.;UNIDADE EVAPORADORA HITACHI SILVER, CAP.;30/11/2016;13916;NI;3112;;
704786;2;132010904;MOVEIS E UTENSILIOS - COML.;UNIDADE EVAPORADORA HITACHI.;30/11/2016;24593;DESCANSO;3112;HITACH;
704786;8;132010904;MOVEIS E UTENSILIOS - COML.;VOICE PANEL 50 PORTAS CAT 3 FURUKAWA;30/11/2016;24593;DESCANSO;3112;HITACH;
15748;0;135010804;MAQUINAS E ACESSORIOS - COML.;INTERRUPTOR DE CARGA;30/11/2016;15748;NI;3112;;
15825;0;132010904;MOVEIS E UTENSILIOS - COML.;CAIXA E PLACA BASE SIEMENS 1150 PABX;30/11/2016;24595;NI;3112;;
15825;1;132010904;MOVEIS E UTENSILIOS - COML.;INSTALACAO E PROGRAMACAO DE RAMAIS;30/11/2016;24595;NI;3112;;
14401;0;132010904;MOVEIS E UTENSILIOS - COML.;ESTANTE DE ACO 2.00 X 0.94 X 0.40;30/11/2016;14401;NI;3112;;
14402;0;132010904;MOVEIS E UTENSILIOS - COML.;ESTANTE DE ACO 2.00 X 0.94 X 0.40;30/11/2016;14402;NI;3112;;
14403;0;132010904;MOVEIS E UTENSILIOS - COML.;ESTANTE DE ACO 2.00 X 0.94 X 0.40;30/11/2016;14403;NI;3112;;
14404;0;132010904;MOVEIS E UTENSILIOS - COML.;ESTANTE DE ACO 2.00 X 0.94 X 0.40;30/11/2016;14404;NI;3112;;
14405;0;132010904;MOVEIS E UTENSILIOS - COML.;ESTANTE DE ACO 2.00 X 0.94 X 0.40;30/11/2016;14405;NI;3112;;
14406;0;132010904;MOVEIS E UTENSILIOS - COML.;ESTANTE DE ACO 2.00 X 0.94 X 0.40;30/11/2016;14406;NI;3112;;
14407;0;132010904;MOVEIS E UTENSILIOS - COML.;ESTANTE DE ACO 2.00 X 0.94 X 0.40;30/11/2016;14407;NI;3112;;
14408;0;132010904;MOVEIS E UTENSILIOS - COML.;ESTANTE DE ACO 2.00 X 0.94 X 0.40;30/11/2016;14408;NI;3112;;
14409;0;132010904;MOVEIS E UTENSILIOS - COML.;ESTANTE DE ACO 2.00 X 0.94 X 0.40;30/11/2016;14409;NI;3112;;
14410;0;132010904;MOVEIS E UTENSILIOS - COML.;ESTANTE DE ACO 2.00 X 0.94 X 0.40;30/11/2016;14410;NI;3112;;
14411;0;132010904;MOVEIS E UTENSILIOS - COML.;ESTANTE DE ACO 2.00 X 0.94 X 0.40;30/11/2016;14411;NI;3112;;
14412;0;132010904;MOVEIS E UTENSILIOS - COML.;ESTANTE DE ACO 2.00 X 0.94 X 0.40;30/11/2016;14412;NI;3112;;
14413;0;132010904;MOVEIS E UTENSILIOS - COML.;ESTANTE DE ACO 2.00 X 0.94 X 0.40;30/11/2016;14413;NI;3112;;
14414;0;132010904;MOVEIS E UTENSILIOS - COML.;ESTANTE DE ACO 2.00 X 0.94 X 0.40;30/11/2016;14414;NI;3112;;
14415;0;132010904;MOVEIS E UTENSILIOS - COML.;ESTANTE DE ACO 2.00 X 0.94 X 0.40;30/11/2016;14415;NI;3112;;
14416;0;132010904;MOVEIS E UTENSILIOS - COML.;ESTANTE DE ACO 2.00 X 0.94 X 0.40;30/11/2016;14416;NI;3112;;
14417;0;132010904;MOVEIS E UTENSILIOS - COML.;ESTANTE DE ACO 2.00 X 0.94 X 0.40;30/11/2016;14417;NI;3112;;
14418;0;132010904;MOVEIS E UTENSILIOS - COML.;ESTANTE DE ACO 2.00 X 0.94 X 0.40;30/11/2016;14418;NI;3112;;
14419;0;132010904;MOVEIS E UTENSILIOS - COML.;ESTANTE DE ACO 2.00 X 0.94 X 0.40;30/11/2016;14419;NI;3112;;
14420;0;132010904;MOVEIS E UTENSILIOS - COML.;ESTANTE DE ACO 2.00 X 0.94 X 0.40;30/11/2016;14420;NI;3112;;
13936;1;132010904;MOVEIS E UTENSILIOS - COML.;SERVICOS DE MONTAGEM DE MESA BORTOLINI;30/11/2016;24513;TREINAMENTO;3112;;
13937;1;132010904;MOVEIS E UTENSILIOS - COML.;SERVICOS DE MONTAGEM DE MESA BORTOLINI;30/11/2016;24514;TREINAMENTO;3112;;
13938;1;132010904;MOVEIS E UTENSILIOS - COML.;SERVICOS DE MONTAGEM DE MESA BORTOLINI;30/11/2016;24515;TREINAMENTO;3112;;
13939;1;132010904;MOVEIS E UTENSILIOS - COML.;SERVICOS DE MONTAGEM DE MESA BORTOLINI;30/11/2016;24516;TREINAMENTO;3112;;
13940;1;132010904;MOVEIS E UTENSILIOS - COML.;SERVICOS DE MONTAGEM DE MESA BORTOLINI;30/11/2016;24517;TREINAMENTO;3112;;
13941;1;132010904;MOVEIS E UTENSILIOS - COML.;SERVICOS DE MONTAGEM DE MESA BORTOLINI;30/11/2016;24518;TREINAMENTO;3112;;
13942;1;132010904;MOVEIS E UTENSILIOS - COML.;SERVICOS DE MONTAGEM DE MESA BORTOLINI;30/11/2016;24519;TREINAMENTO;3112;;
13943;1;132010904;MOVEIS E UTENSILIOS - COML.;SERVICOS DE MONTAGEM DE MESA BORTOLINI;30/11/2016;24520;TREINAMENTO;3112;;
13944;1;132010904;MOVEIS E UTENSILIOS - COML.;SERVICOS DE MONTAGEM DE MESA BORTOLINI;30/11/2016;24521;TREINAMENTO;3112;;
13945;1;132010904;MOVEIS E UTENSILIOS - COML.;SERVICOS DE MONTAGEM DE MESA BORTOLINI;30/11/2016;24522;TREINAMENTO;3112;;
13946;1;132010904;MOVEIS E UTENSILIOS - COML.;SERVICOS DE MONTAGEM DE MESA BORTOLINI;30/11/2016;24523;TREINAMENTO;3112;;
13882;0;132010904;MOVEIS E UTENSILIOS - COML.;CADEIRA LINHA TELLUS ESTOFADO NA COR AZ;30/11/2016;13882;NI;3112;;
13884;0;132010904;MOVEIS E UTENSILIOS - COML.;CADEIRA LINHA TELLUS ESTOFADO NA COR AZ;30/11/2016;13884;NI;3112;;
13885;0;132010904;MOVEIS E UTENSILIOS - COML.;CADEIRA MODELO PLUS, ENCOSTO ALTO C/BRAC;30/11/2016;13885;NI;3112;;
13886;0;132010904;MOVEIS E UTENSILIOS - COML.;CADEIRA MODELO PLUS, ENCOSTO ALTO C/BRAC;30/11/2016;13886;NI;3112;;
13887;0;132010904;MOVEIS E UTENSILIOS - COML.;CADEIRA MODELO PLUS, ENCOSTO ALTO C/BRAC;30/11/2016;13887;NI;3112;;
13888;0;132010904;MOVEIS E UTENSILIOS - COML.;CADEIRA MODELO PLUS, ENCOSTO ALTO C/BRAC;30/11/2016;13888;NI;3112;;
13889;0;132010904;MOVEIS E UTENSILIOS - COML.;CADEIRA MODELO PLUS, ENCOSTO ALTO C/BRAC;30/11/2016;13889;NI;3112;;
13890;0;132010904;MOVEIS E UTENSILIOS - COML.;CADEIRA MODELO PLUS, ENCOSTO ALTO C/BRAC;30/11/2016;13890;NI;3112;;
13891;0;132010904;MOVEIS E UTENSILIOS - COML.;CADEIRA MODELO PLUS, ENCOSTO ALTO C/BRAC;30/11/2016;13891;NI;3112;;
13892;0;132010904;MOVEIS E UTENSILIOS - COML.;CADEIRA MODELO PLUS, ENCOSTO ALTO C/BRAC;30/11/2016;13892;NI;3112;;
13893;0;132010904;MOVEIS E UTENSILIOS - COML.;CADEIRA MODELO PLUS, ENCOSTO ALTO C/BRAC;30/11/2016;13893;NI;3112;;
13894;0;132010904;MOVEIS E UTENSILIOS - COML.;CADEIRA MODELO PLUS, ENCOSTO ALTO C/BRAC;30/11/2016;13894;NI;3112;;
13895;0;132010904;MOVEIS E UTENSILIOS - COML.;CADEIRA MODELO PLUS, ENCOSTO ALTO C/BRAC;30/11/2016;13895;NI;3112;;
13896;0;132010904;MOVEIS E UTENSILIOS - COML.;CADEIRA MODELO PLUS, ENCOSTO ALTO C/BRAC;30/11/2016;13896;NI;3112;;
13897;0;132010904;MOVEIS E UTENSILIOS - COML.;CADEIRA MODELO PLUS, ENCOSTO ALTO C/BRAC;30/11/2016;13897;NI;3112;;
13898;0;132010904;MOVEIS E UTENSILIOS - COML.;CADEIRA MODELO PLUS, ENCOSTO ALTO C/BRAC;30/11/2016;13898;NI;3112;;
13899;0;132010904;MOVEIS E UTENSILIOS - COML.;CADEIRA MODELO PLUS, ENCOSTO ALTO C/BRAC;30/11/2016;13899;NI;3112;;
13900;0;132010904;MOVEIS E UTENSILIOS - COML.;CADEIRA MODELO PLUS, ENCOSTO ALTO C/BRAC;30/11/2016;13900;NI;3112;;
13901;0;132010904;MOVEIS E UTENSILIOS - COML.;CADEIRA MODELO PLUS, ENCOSTO ALTO C/BRAC;30/11/2016;13901;NI;3112;;
13902;0;132010904;MOVEIS E UTENSILIOS - COML.;CADEIRA MODELO PLUS, ENCOSTO ALTO C/BRAC;30/11/2016;13902;NI;3112;;
13903;0;132010904;MOVEIS E UTENSILIOS - COML.;CADEIRA MODELO PLUS, ENCOSTO ALTO C/BRAC;30/11/2016;13903;NI;3112;;
13904;0;132010904;MOVEIS E UTENSILIOS - COML.;CADEIRA MODELO PLUS, ENCOSTO ALTO C/BRAC;30/11/2016;13904;NI;3112;;
2808;2;132010904;MOVEIS E UTENSILIOS - COML.;CAMERA FOTO DIGITAL SONY CIBERSHOT DSC-S;30/11/2016;2808;NI;2140;;
3746;1;132010506;EQUIPAMENTOS C.P.D. - COML.;NC WINNET BOCAVISION, TP 6906;30/11/2016;3746;NI;3112;;
4972;1;132010904;MOVEIS E UTENSILIOS - COML.;APARELHO DE AR CONDICIONADO SPRINGER;30/11/2016;4972;NI;3112;;
5168;1;132010506;EQUIPAMENTOS C.P.D. - COML.;"MONITOR DELL E551C 15"" SVGA.";30/11/2016;5168;NI;3112;;
5315;1;132010904;MOVEIS E UTENSILIOS - COML.;APARELHO DE AR CONDICIONADO SPRINGER;30/11/2016;5315;NI;3112;;
5315;0;132010904;MOVEIS E UTENSILIOS - COML.;CADEIRA C/ RODIZIO TIPO SECRETARIA;30/11/2016;5315;NI;3112;;
5316;0;132010904;MOVEIS E UTENSILIOS - COML.;CADEIRA ESPERA C/ TRES LUGARES;30/11/2016;5316;NI;3112;;
5317;0;132010904;MOVEIS E UTENSILIOS - COML.;CADEIRA ESPERA C/ TRES LUGARES;30/11/2016;5317;NI;3112;;
5318;0;132010904;MOVEIS E UTENSILIOS - COML.;CADEIRAS  S/ RODIZIO TIPO SECRETARIA;30/11/2016;5318;NI;3112;;
5319;0;132010904;MOVEIS E UTENSILIOS - COML.;CADEIRAS  S/ RODIZIO TIPO SECRETARIA;30/11/2016;5319;NI;3112;;
5320;0;132010904;MOVEIS E UTENSILIOS - COML.;CADEIRAS  S/ RODIZIO TIPO SECRETARIA;30/11/2016;5320;NI;3112;;
5321;0;132010904;MOVEIS E UTENSILIOS - COML.;CADEIRAS  S/ RODIZIO TIPO SECRETARIA;30/11/2016;5321;NI;3112;;
5322;0;132010904;MOVEIS E UTENSILIOS - COML.;MESA EM CEREJEIRA REDONDA 1,20 X 1,20;30/11/2016;5322;NI;3112;;
5323;0;132010904;MOVEIS E UTENSILIOS - COML.;BALCAO EM CEREJEIRA C/ 2 PORTAS E 3 GAVE;30/11/2016;5323;NI;3112;;
5324;0;132010904;MOVEIS E UTENSILIOS - COML.;MESA EM CEREJEIRA C/ 3 GAVETAS, TP 2194;30/11/2016;5324;NI;3112;;
5325;0;132010904;MOVEIS E UTENSILIOS - COML.;MESA EM CEREJEIRA C/ 3 GAVETAS, TP 2196;30/11/2016;5325;NI;3112;;
5326;0;132010904;MOVEIS E UTENSILIOS - COML.;MESA PARA COMPUTADOR;30/11/2016;5326;NI;3112;;
5327;0;132010904;MOVEIS E UTENSILIOS - COML.;CADEIRA TIPO DIRETOR C/ BRACO RUNAPEL, T;30/11/2016;5327;NI;3112;;
5328;0;132010904;MOVEIS E UTENSILIOS - COML.;BALCAO EM FORMICA C/ 2 PORTAS;30/11/2016;5328;NI;3112;;
5329;0;132010904;MOVEIS E UTENSILIOS - COML.;APARELHO DE AR CONDICIONADO CONSUL 30000;30/11/2016;5329;NI;3112;;
5330;0;132010904;MOVEIS E UTENSILIOS - COML.;APARELHO DE AR CONDICIONADO CONSUL 30000;30/11/2016;5330;NI;3112;;
5332;0;132010904;MOVEIS E UTENSILIOS - COML.;MESA CEREJEIRA C/ 6 GAVETAS, TP 2187;30/11/2016;5332;NI;3112;;
5333;0;132010904;MOVEIS E UTENSILIOS - COML.;MESA CEREJEIRA C/ 6 GAVETAS;30/11/2016;5333;NI;3112;;
5334;0;132010904;MOVEIS E UTENSILIOS - COML.;MESA CEREJEIRA C/ 3 GAVETAS;30/11/2016;5334;NI;3112;;
5335;0;132010904;MOVEIS E UTENSILIOS - COML.;MESA EM CEREJEIRA P/ MAQUINA DE ESCREVER;30/11/2016;5335;NI;3112;;
5336;0;132010904;MOVEIS E UTENSILIOS - COML.;MAQUINA DE ESCREVER ELETRICA IBM, TP 110;30/11/2016;5336;NI;3112;;
5337;0;132010904;MOVEIS E UTENSILIOS - COML.;MESAS PARA IMPESSORA;30/11/2016;5337;NI;3112;;
5338;0;132010904;MOVEIS E UTENSILIOS - COML.;MESAS PARA IMPESSORA;30/11/2016;5338;NI;3112;;
5339;0;132010904;MOVEIS E UTENSILIOS - COML.;MESAS PARA IMPESSORA;30/11/2016;5339;NI;3112;;
5344;0;132010904;MOVEIS E UTENSILIOS - COML.;CADEIRAS C/ RODIZIO TIPO SECRETARIA;30/11/2016;5344;NI;3112;;
5345;0;132010904;MOVEIS E UTENSILIOS - COML.;CADEIRAS C/ RODIZIO TIPO SECRETARIA;30/11/2016;5345;NI;3112;;
5346;0;132010904;MOVEIS E UTENSILIOS - COML.;CADEIRAS C/ RODIZIO TIPO SECRETARIA;30/11/2016;5346;NI;3112;;
5347;0;132010904;MOVEIS E UTENSILIOS - COML.;CADEIRAS C/ RODIZIO TIPO SECRETARIA;30/11/2016;5347;NI;3112;;
5352;0;132010904;MOVEIS E UTENSILIOS - COML.;MESA PARA COMPUTADOR;30/11/2016;5352;NI;3112;;
5354;0;132010904;MOVEIS E UTENSILIOS - COML.;CADEIRA TIPO DIRETOR C/ BRACO, TP 5574;30/11/2016;5354;NI;3112;;
5356;0;132010506;EQUIPAMENTOS C.P.D. - COML.;NC WINNET - BOCAVISION;30/11/2016;5356;NI;3112;;
5357;0;132010904;MOVEIS E UTENSILIOS - COML.;ARMARIO EM CEREJEIRA C/ 2 PORTAS,  TP 37;30/11/2016;5357;NI;3112;;
5358;0;132010904;MOVEIS E UTENSILIOS - COML.;BALCAO EM CEREJEIRA C/ 2 PORTAS;30/11/2016;5358;NI;3112;;
5359;0;132010904;MOVEIS E UTENSILIOS - COML.;BALCAO EM FORMICA C/ 2 PORTAS;30/11/2016;5359;NI;3112;;
5360;0;132010904;MOVEIS E UTENSILIOS - COML.;APARELHO DE AR CONDICIONADO SPRINGER 100;30/11/2016;5360;NI;3112;;
5361;0;132010904;MOVEIS E UTENSILIOS - COML.;APARELHO DE AR CONDICIONADO SPRINGER MUN;30/11/2016;5361;NI;3112;;
5363;0;132010904;MOVEIS E UTENSILIOS - COML.;CADEIRA C/ RODIZIO TIPO SECRETARIA, TP 5;30/11/2016;5363;NI;3112;;
5364;0;132010904;MOVEIS E UTENSILIOS - COML.;TV PHILCO HITACHI;30/11/2016;5364;NI;3112;;
5365;0;132010904;MOVEIS E UTENSILIOS - COML.;AP. DE VIDEO CASSETTE 4 CABECAS PHILCO H;30/11/2016;5365;NI;3112;;
5366;0;132010904;MOVEIS E UTENSILIOS - COML.;FRIGOBAR CONSUL;30/11/2016;5366;NI;3112;;
5367;0;132010904;MOVEIS E UTENSILIOS - COML.;MESA EM CEREJEIRA PARA TV;30/11/2016;5367;NI;3112;;
5369;0;132010904;MOVEIS E UTENSILIOS - COML.;GELADEIRA CLIMAX 300 L;30/11/2016;5369;NI;3112;;
5370;0;132010904;MOVEIS E UTENSILIOS - COML.;FOGAO 4 BOCAS ATLAS;30/11/2016;5370;NI;3112;;
5371;0;132010904;MOVEIS E UTENSILIOS - COML.;MESA CEREJEIRA PARA REUNIAO;30/11/2016;5371;NI;3112;;
5372;0;132010904;MOVEIS E UTENSILIOS - COML.;CADEIRAS EM NAPA S/ RODIZIO;30/11/2016;5372;NI;3112;;
5373;0;132010904;MOVEIS E UTENSILIOS - COML.;CADEIRAS EM NAPA S/ RODIZIO;30/11/2016;5373;NI;3112;;
5374;0;132010904;MOVEIS E UTENSILIOS - COML.;CADEIRAS EM NAPA S/ RODIZIO;30/11/2016;5374;NI;3112;;
5376;0;132010904;MOVEIS E UTENSILIOS - COML.;CADEIRAS EM NAPA S/ RODIZIO;30/11/2016;5376;NI;3112;;
5377;0;132010904;MOVEIS E UTENSILIOS - COML.;APARELHO DE AR CONDICIONADO SPRINGER MUN;30/11/2016;5377;NI;3112;;
5379;0;135010804;MAQUINAS E ACESSORIOS - COML.;CARRINHO PLATAFORMA C/ 4 RODAS, TP 00293;30/11/2016;5379;NI;3112;;
5380;0;132010904;MOVEIS E UTENSILIOS - COML.;BEBEDOURO ELETRICO BELLIERE;30/11/2016;5380;NI;3112;;
5381;0;132010904;MOVEIS E UTENSILIOS - COML.;MESAS EM CEREJEIRA C/ 3 GAVETAS;30/11/2016;5381;NI;3112;;
5382;0;132010904;MOVEIS E UTENSILIOS - COML.;MESAS EM CEREJEIRA C/ 3 GAVETAS;30/11/2016;5382;NI;3112;;
5384;0;132010506;EQUIPAMENTOS C.P.D. - COML.;MICRO CPU  MASTER 386, TP 4843;30/11/2016;5384;NI;3112;;
5386;0;132010904;MOVEIS E UTENSILIOS - COML.;CADEIRAS EM NAPA C/ RODIZIO;30/11/2016;5386;NI;3112;;
5387;0;132010904;MOVEIS E UTENSILIOS - COML.;CADEIRAS EM NAPA C/ RODIZIO;30/11/2016;5387;NI;3112;;
5389;0;132010904;MOVEIS E UTENSILIOS - COML.;APARELHO DE AR CONDICIONADO CONSUL 30000;30/11/2016;5389;NI;3112;;
5391;0;132010904;MOVEIS E UTENSILIOS - COML.;BEBEDOURO ELETRICO BELLIERE;30/11/2016;5391;NI;3112;;
5392;0;132010904;MOVEIS E UTENSILIOS - COML.;APARELHO DE FAX PANASONIC KX FT22;30/11/2016;5392;NI;3112;;
5393;0;132010904;MOVEIS E UTENSILIOS - COML.;APARELHO DE FAX BROTHER PERSONAL FAX 275;30/11/2016;5393;NI;3112;;
5394;0;132010904;MOVEIS E UTENSILIOS - COML.;APARELHO DE AR CONDICIONADO CONSUL 30000;30/11/2016;5394;NI;3112;;
5395;0;132010904;MOVEIS E UTENSILIOS - COML.;APARELHO DE AR CONDICIONADO SPRINGER 300;30/11/2016;5395;NI;3112;;
5396;0;132010904;MOVEIS E UTENSILIOS - COML.;MESA EM CEREJEIRA C/ 6 GAVETAS, TP 3769;30/11/2016;5396;NI;3112;;
5397;0;132010904;MOVEIS E UTENSILIOS - COML.;CADEIRA C/ RODIZIO TIPO SECRETARIA, TP 5;30/11/2016;5397;NI;3112;;
5398;0;132010904;MOVEIS E UTENSILIOS - COML.;MESA EM CEREJEIRA PARA TELEFONE, TP 3775;30/11/2016;5398;NI;3112;;
5399;0;132010904;MOVEIS E UTENSILIOS - COML.;MESA EM CEREJEIRA P/ MAQUINA DE ESCREVE;30/11/2016;5399;NI;3112;;
5408;0;132010904;MOVEIS E UTENSILIOS - COML.;BALCOES EM FORMICA C/ DUAS PORTAS;30/11/2016;5408;NI;3112;;
5409;0;132010904;MOVEIS E UTENSILIOS - COML.;BALCOES EM FORMICA C/ DUAS PORTAS;30/11/2016;5409;NI;3112;;
5410;0;132010904;MOVEIS E UTENSILIOS - COML.;BALCOES EM FORMICA C/ DUAS PORTAS;30/11/2016;5410;NI;3112;;
5411;0;132010904;MOVEIS E UTENSILIOS - COML.;BALCOES EM FORMICA C/ DUAS PORTAS;30/11/2016;5411;NI;3112;;
5412;0;132010904;MOVEIS E UTENSILIOS - COML.;BALCOES EM FORMICA C/ DUAS PORTAS;30/11/2016;5412;NI;3112;;
5414;0;132010904;MOVEIS E UTENSILIOS - COML.;CADEIRA C/ RODIZIO TIPO SECRETARIA, TP 5;30/11/2016;5414;NI;3112;;
5416;0;132010904;MOVEIS E UTENSILIOS - COML.;MESA PARA COMPUTADOR;30/11/2016;5416;NI;3112;;
5417;0;132010904;MOVEIS E UTENSILIOS - COML.;MESA EM CEREJEIRA PARA MAQUINA DE ESCREV;30/11/2016;5417;NI;3112;;
5418;0;132010904;MOVEIS E UTENSILIOS - COML.;MESA PARA IMPRESSORA;30/11/2016;5418;NI;3112;;
5421;0;132010904;MOVEIS E UTENSILIOS - COML.;CADEIRA C/ RODIZIO TIPO SECRETARIA, TP 5;30/11/2016;5421;NI;3112;;
5422;0;132010904;MOVEIS E UTENSILIOS - COML.;MESA PARA COMPUTADOR;30/11/2016;5422;NI;3112;;
5424;0;132010904;MOVEIS E UTENSILIOS - COML.;MESA PARA IMPRESSORA;30/11/2016;5424;NI;3112;;
5424;1;132010904;MOVEIS E UTENSILIOS - COML.;APARELHO DE AR CONDICIONADO SPRINGER;30/11/2016;5424;NI;3112;;
5426;0;132010904;MOVEIS E UTENSILIOS - COML.;MESA EM CEREJEIRA C/ 6 GAVETAS;30/11/2016;5426;NI;3112;;
5427;0;132010904;MOVEIS E UTENSILIOS - COML.;CADEIRA C/ RODIZIO TIPO DIRETOR C/ BRACO;30/11/2016;5427;NI;3112;;
5428;0;132010904;MOVEIS E UTENSILIOS - COML.;MESA EM CEREJEIRA PARA MAQUINA DE ESCREV;30/11/2016;5428;NI;3112;;
5429;0;132010904;MOVEIS E UTENSILIOS - COML.;MESA PARA COMPUTADOR, TP 3144;30/11/2016;5429;NI;3112;;
5431;0;132010506;EQUIPAMENTOS C.P.D. - COML.;NC WINNET BOCAVISION, TP 6767;30/11/2016;5431;NI;3112;;
5432;0;132010904;MOVEIS E UTENSILIOS - COML.;MESA PARA COMPUTADOR, TP 3143;30/11/2016;5432;NI;3112;;
5434;0;132010506;EQUIPAMENTOS C.P.D. - COML.;MONITOR DE VIDEO LG 15 POL. STUDIOWORKS,;30/11/2016;5434;NI;3112;;
5435;0;132010506;EQUIPAMENTOS C.P.D. - COML.;MICRO MARCA MICROWAY, TP 6450;30/11/2016;5435;NI;3112;;
5436;0;132010904;MOVEIS E UTENSILIOS - COML.;CADEIRA C/ RODIZIO TIPO SECRETARIA, TP 5;30/11/2016;5436;NI;3112;;
5437;1;132010904;MOVEIS E UTENSILIOS - COML.;MESA EM IMBUIA C/DETALHES FREIJO.;30/11/2016;5437;NI;3112;;
5437;0;132010904;MOVEIS E UTENSILIOS - COML.;MESA PARA IMPRESSORA;30/11/2016;5437;NI;3112;;
5438;0;132010904;MOVEIS E UTENSILIOS - COML.;MESA EM CEREJEIRA C/3 GAVETAS, TP 5676;30/11/2016;5438;NI;3112;;
5439;0;132010904;MOVEIS E UTENSILIOS - COML.;CADEIRA C/ RODIZIO TIPO DIRETOR C/ BRACO;30/11/2016;5439;NI;3112;;
5440;0;132010904;MOVEIS E UTENSILIOS - COML.;MESA PARA COMPUTADOR, , TP 4693;30/11/2016;5440;NI;3112;;
5444;0;132010904;MOVEIS E UTENSILIOS - COML.;MESA EM CEREJEIRA C/ 6 GAVETAS, TP 3141;30/11/2016;5444;NI;3112;;
5445;0;132010904;MOVEIS E UTENSILIOS - COML.;MESA EM CEREJEIRA PARA TELEFONE;30/11/2016;5445;NI;3112;;
5446;0;132010904;MOVEIS E UTENSILIOS - COML.;CADEIRAS S/ RODIZIO, , TP 3192 - 3193;30/11/2016;5446;NI;3112;;
5447;0;132010904;MOVEIS E UTENSILIOS - COML.;CADEIRAS S/ RODIZIO, , TP 3192 - 3193;30/11/2016;5447;NI;3112;;
5448;0;132010904;MOVEIS E UTENSILIOS - COML.;CADEIRA GIRATORIA C/  BRACOS, TP 3191;30/11/2016;5448;NI;3112;;
5449;0;132010904;MOVEIS E UTENSILIOS - COML.;BALCAO EM CEREJEIRA C/ 2 PORTAS E 3 GAVE;30/11/2016;5449;NI;3112;;
5450;0;132010904;MOVEIS E UTENSILIOS - COML.;POLTRONAS ESPERA PARA CLIENTES;30/11/2016;5450;NI;3112;;
5451;0;132010904;MOVEIS E UTENSILIOS - COML.;POLTRONAS ESPERA PARA CLIENTES;30/11/2016;5451;NI;3112;;
5452;0;132010904;MOVEIS E UTENSILIOS - COML.;POLTRONAS ESPERA PARA CLIENTES;30/11/2016;5452;NI;3112;;
5453;0;132010904;MOVEIS E UTENSILIOS - COML.;POLTRONAS ESPERA PARA CLIENTES;30/11/2016;5453;NI;3112;;
5454;0;132010904;MOVEIS E UTENSILIOS - COML.;POLTRONAS ESPERA PARA CLIENTES;30/11/2016;5454;NI;3112;;
5455;0;132010904;MOVEIS E UTENSILIOS - COML.;MESA DE CANTO;30/11/2016;5455;NI;3112;;
5456;0;132010904;MOVEIS E UTENSILIOS - COML.;APARELHO DE AR SPRINGER CARRIER 10000 BT;30/11/2016;5456;NI;3112;;
5458;0;132010904;MOVEIS E UTENSILIOS - COML.;MESA EM CEREJEIRA C/ 3 GAVETAS, TP 5582;30/11/2016;5458;NI;3112;;
5459;0;132010904;MOVEIS E UTENSILIOS - COML.;MESA EM CEREJEIRA C/ 3 GAVETAS, TP 4688;30/11/2016;5459;NI;3112;;
5460;0;132010904;MOVEIS E UTENSILIOS - COML.;MESA EM CEREJEIRA C/ 3 GAVETAS, TP 5587;30/11/2016;5460;NI;3112;;
5461;0;132010904;MOVEIS E UTENSILIOS - COML.;CADEIRA C/ RODIZIO EM NAPA, TP 5317;30/11/2016;5461;NI;3112;;
5462;0;132010904;MOVEIS E UTENSILIOS - COML.;CADEIRA C/ RODIZIO TIPO DIRETOR, TP 5587;30/11/2016;5462;NI;3112;;
5463;0;132010904;MOVEIS E UTENSILIOS - COML.;CADEIRA C/ RODIZIO EM NAPA,;30/11/2016;5463;NI;3112;;
5464;0;132010904;MOVEIS E UTENSILIOS - COML.;APARELHO DE AR CONDICIONADO SPRINGER LIN;30/11/2016;5464;NI;3112;;
5718;1;132010904;MOVEIS E UTENSILIOS - COML.;CAMERA FOTO DIGITAL SONY CIBERSHOT DSC;30/11/2016;5718;NI;3112;;
5827;1;132010904;MOVEIS E UTENSILIOS - COML.;APARELHO DE AR CONDICIONADO 18000BTUS;30/11/2016;5827;NI;3112;;
6109;2;132010506;EQUIPAMENTOS C.P.D. - COML.;SERVIDOR DELL PowerEdge 2600;30/11/2016;6109;NI;2140;;
6182;1;132010506;EQUIPAMENTOS C.P.D. - COML.;MICROCOMPUTADOR DELL OPTIPLEX GX280;30/11/2016;6182;NI;3112;;
6266;0;132010904;MOVEIS E UTENSILIOS - COML.;APARELHO DE CONDICIONADO SPRINGER;30/11/2016;6266;NI;3112;;
6342;0;132010904;MOVEIS E UTENSILIOS - COML.;APARELHO DE AR CONDICIONADO SPRINGER;30/11/2016;6342;NI;3112;;
6412;2;132010506;EQUIPAMENTOS C.P.D. - COML.;IMPRESSORA MATRICIAL EPSON FX-2190;30/11/2016;6412;NI;2140;;
6488;1;132010506;EQUIPAMENTOS C.P.D. - COML.;PROJETOR MULTIMÍDIA MARCA INFOCUS X2;30/11/2016;6488;NI;2160;;
6735;0;132010506;EQUIPAMENTOS C.P.D. - COML.;OFFICE CONNECT SWITCH DUAL SPEED 8 PORTA;30/11/2016;6735;NI;2140;;
7886;0;132010506;EQUIPAMENTOS C.P.D. - COML.;SWITCH 3COM BRASIL MODELO SUPERSTACK 3 4;30/11/2016;7886;NI;3112;;
8422;2;132010506;EQUIPAMENTOS C.P.D. - COML.;NOBREAK SMART-UPS 1000VA RM NET 2U 120V;30/11/2016;8422;NI;2140;;
8647;0;132010506;EQUIPAMENTOS C.P.D. - COML.;IMPRESSORA EPSON STYLUS C87 PLUS,;30/11/2016;8647;NI;3112;;
9624;0;132010506;EQUIPAMENTOS C.P.D. - COML.;UNIDADE DE FITA TIPO DLT EXTERNA QUANTUM;30/11/2016;9624;NI;2140;;
10481;0;132010506;EQUIPAMENTOS C.P.D. - COML.;IMPRESSORA  HP 4250TN LASERJET MONO P/N;30/11/2016;10481;NI;3112;;
11069;1;136010103;EQUIPAMENTOS CPD - COML.;NOTEBOOK DELL LATITUDE D360 INTEL;30/11/2016;11069;NI;2140;;
11071;1;136010103;EQUIPAMENTOS CPD - COML.;NOTEBOOK DELL LATITUDE D360 INTEL;30/11/2016;11071;NI;2140;;
11073;1;136010103;EQUIPAMENTOS CPD - COML.;PROJETOR MULTIMIDIA MARCA DELL DLP 1209S;30/11/2016;11073;NI;2160;;
12482;1;136010103;EQUIPAMENTOS CPD - COML.;NOTEBOOK DELL LATITUDE E5400 INTEL CORE;30/11/2016;12482;NI;2140;;
12487;1;136010103;EQUIPAMENTOS CPD - COML.;NOTEBOOK DELL LATITUDE E5400 INTEL CORE;30/11/2016;12487;NI;2160;;
12495;1;136010103;EQUIPAMENTOS CPD - COML.;NOTEBOOK DELL LATITUDE E5400 INTEL CORE;30/11/2016;12495;NI;2140;;
13298;0;132010506;EQUIPAMENTOS C.P.D. - COML.;PROJETOR DELL DLP 1209S;30/11/2016;13298;NI;2140;;
13965;0;132010506;EQUIPAMENTOS C.P.D. - COML.;CATALYST 2960S 24 GIGE, 4 X SFP LAN BASE;30/11/2016;13965;NI;3112;;
13967;0;132010506;EQUIPAMENTOS C.P.D. - COML.;ACESS-POINT WIRELESS 54MBPS 802.11G.;30/11/2016;13967;NI;3112;;
13969;0;132010506;EQUIPAMENTOS C.P.D. - COML.;ACESS-POINT WIRELESS 54MBPS 802.11G.;30/11/2016;13969;NI;3112;;
13970;0;132010506;EQUIPAMENTOS C.P.D. - COML.;ACESS-POINT WIRELESS 54MBPS 802.11G.;30/11/2016;13970;NI;3112;;
13972;0;132010506;EQUIPAMENTOS C.P.D. - COML.;ACESS-POINT WIRELESS 54MBPS 802.11G.;30/11/2016;13972;NI;3112;;
14429;0;132010506;EQUIPAMENTOS C.P.D. - COML.;MICROCOMPUTADOR DELL OPTIPLEX  990;30/11/2016;24505;NI;3112;;
14430;0;132010506;EQUIPAMENTOS C.P.D. - COML.;MICROCOMPUTADOR DELL OPTIPLEX  990;30/11/2016;24559;NI;3112;;
14432;0;132010506;EQUIPAMENTOS C.P.D. - COML.;MONITOR DELL E1709W 17'';30/11/2016;14432;NI;3112;;
14433;0;132010506;EQUIPAMENTOS C.P.D. - COML.;MONITOR DELL E1709W 17'';30/11/2016;14433;NI;3112;;
14434;0;132010506;EQUIPAMENTOS C.P.D. - COML.;MONITOR DELL E1709W 17'';30/11/2016;14434;NI;3112;;
105402;0;132010904;MOVEIS E UTENSILIOS - COML.;MESA EM CEREJEIRA C/ 3 GAVETAS, TP 2424;30/11/2016;105402;NI;3112;;
105403;0;132010904;MOVEIS E UTENSILIOS - COML.;CADEIRA C/ RODIZIO EM NAPA, TP 5317;30/11/2016;105403;NI;3112;;
105404;0;132010904;MOVEIS E UTENSILIOS - COML.;MESA PARA IMPRESSORA;30/11/2016;105404;NI;3112;;
105407;0;132010904;MOVEIS E UTENSILIOS - COML.;BALCOES EM FORMICA C/ DUAS PORTAS;30/11/2016;105407;NI;3112;;
105413;0;132010904;MOVEIS E UTENSILIOS - COML.;MESA EM CEREJEIRA C/ 3 GAVETAS, TP 5583;30/11/2016;105413;NI;3112;;
701827;12;132010506;EQUIPAMENTOS C.P.D. - COML.;MALETA SOFT PARA PROJETOR DELL 1209S;30/11/2016;10516;NI;2140;;
701827;5;132010506;EQUIPAMENTOS C.P.D. - COML.;PROJETOR MULTIMIDIA MARCA DELL DLP 1209S;30/11/2016;10516;NI;2140;;
704114;0;132010506;EQUIPAMENTOS C.P.D. - COML.;MICROCOMPUTADOR DELL OPTLPLEX 780.;30/11/2016;14113;NI;2140;;
704114;1;132010506;EQUIPAMENTOS C.P.D. - COML.;"MONITOR DELL  E1709W  17""  WIDESCREEN.";30/11/2016;14258;NI;2140;;
704115;0;132010506;EQUIPAMENTOS C.P.D. - COML.;MICROCOMPUTADOR (NOTEBOOK) DELL LATITUD;30/11/2016;14014;NI;2160;;
704115;1;132010506;EQUIPAMENTOS C.P.D. - COML.;MICROCOMPUTADOR (NOTEBOOK) DELL LATITUD;30/11/2016;14081;NI;2160;;
704170;0;132010506;EQUIPAMENTOS C.P.D. - COML.;MICROCOMPUTADOR (NOTEBOOK) DELL LATITUDE;30/11/2016;14013;NI;2160;;
704200;0;132010506;EQUIPAMENTOS C.P.D. - COML.;MICROCOMPUTADOR (NOTEBOOK) DELL LATITUDE;30/11/2016;14012;NI;2160;;
704200;1;132010506;EQUIPAMENTOS C.P.D. - COML.;MICROCOMPUTADOR (NOTEBOOK) DELL LATITUDE;30/11/2016;14087;NI;2160;;
704228;1;132010506;EQUIPAMENTOS C.P.D. - COML.;"MONITOR DELL  E1709W  17""  WIDESCREEN.";30/11/2016;14307;NI;2140;;
704239;0;132010506;EQUIPAMENTOS C.P.D. - COML.;MICROCOMPUTADOR (NOTEBOOK) DELL LATITUDE;30/11/2016;14010;NI;2140;;
704239;1;132010506;EQUIPAMENTOS C.P.D. - COML.;MICROCOMPUTADOR (NOTEBOOK) DELL LATITUDE;30/11/2016;14094;NI;2140;;
704247;0;132010506;EQUIPAMENTOS C.P.D. - COML.;MICROCOMPUTADOR (NOTEBOOK) DELL LATITUDE;30/11/2016;14009;NI;2140;;
704247;1;132010506;EQUIPAMENTOS C.P.D. - COML.;MICROCOMPUTADOR (NOTEBOOK) DELL LATITUDE;30/11/2016;14096;NI;2140;;
704253;0;132010506;EQUIPAMENTOS C.P.D. - COML.;MICROCOMPUTADOR (NOTEBOOK) DELL LATITUDE;30/11/2016;14011;NI;2140;;
704253;1;132010506;EQUIPAMENTOS C.P.D. - COML.;MICROCOMPUTADOR (NOTEBOOK) DELL LATITUDE;30/11/2016;14097;NI;2140;;
704608;0;132010506;EQUIPAMENTOS C.P.D. - COML.;MICROCOMPUTADOR DELL OPTLPLEX 780.;30/11/2016;14107;NI;2140;;
704608;1;132010506;EQUIPAMENTOS C.P.D. - COML.;"MONITOR DELL  E1709W  17""  WIDESCREEN.";30/11/2016;14316;NI;2140;;
704616;0;132010506;EQUIPAMENTOS C.P.D. - COML.;MICROCOMPUTADOR DELL OPTLPLEX 780.;30/11/2016;14134;NI;2140;;
704616;1;132010506;EQUIPAMENTOS C.P.D. - COML.;"MONITOR DELL  E1709W  17""  WIDESCREEN.";30/11/2016;14318;NI;2140;;
10184;0;132010904;MOVEIS E UTENSILIOS - COML.;APARELHO DE AR CONDICIONADO SPRINGER.;30/11/2016;10184;NI;3112;;
13883;0;132010904;MOVEIS E UTENSILIOS - COML.;CADEIRA  LINHA TELLUS ESTOFADO NA COR AZ;30/11/2016;13883;NI;3112;;
14534;0;132010904;MOVEIS E UTENSILIOS - COML.;CAMERA DIGITAL SAMSUNG PRATA.;30/11/2016;14534;NI;2140;;
6480;0;132010904;MOVEIS E UTENSILIOS - COML.;CAMERA FOTO DIGITAL SONY CIBERSHOT DSC-S;30/11/2016;6480;NI;2140;;
15327;0;132010506;EQUIPAMENTOS C.P.D. - COML.;DESKTOP HP COMPAQ 6200 MT BRASIL;30/11/2016;24574;NI;3112;;
15328;0;132010506;EQUIPAMENTOS C.P.D. - COML.;DESKTOP HP COMPAQ 6200 MT BRASIL;30/11/2016;24566;NI;3112;;
15222;0;132010506;EQUIPAMENTOS C.P.D. - COML.;HP NOTEBOOK 6460B;30/11/2016;15222;NI;2444;;
15223;0;132010506;EQUIPAMENTOS C.P.D. - COML.;HP NOTEBOOK 6460B;30/11/2016;15223;NI;2444;;
15224;0;132010506;EQUIPAMENTOS C.P.D. - COML.;HP NOTEBOOK 6460B;30/11/2016;15224;NI;2444;;
15230;0;132010506;EQUIPAMENTOS C.P.D. - COML.;HP NOTEBOOK 6460B;30/11/2016;15230;NI;2444;;
14541;0;132010904;MOVEIS E UTENSILIOS - COML.;LAVADORA MOVEL PROF.;30/11/2016;24613;NI;3112;;
15073;0;132010506;EQUIPAMENTOS C.P.D. - COML.;MICROCOMPUTADOR PORTATIL DELL LATITUDE;30/11/2016;15073;NI;2193;;
15090;0;132010506;EQUIPAMENTOS C.P.D. - COML.;MICROCOMPUTADOR PORTATIL DELL LATITUDE;30/11/2016;15090;NI;2193;;
15104;0;132010506;EQUIPAMENTOS C.P.D. - COML.;MICROCOMPUTADOR PORTATIL DELL LATITUDE;30/11/2016;15104;NI;2440;;
15125;0;132010506;EQUIPAMENTOS C.P.D. - COML.;MICROCOMPUTADOR PORTATIL DELL LATITUDE E;30/11/2016;15125;NI;2191;;
15126;0;132010506;EQUIPAMENTOS C.P.D. - COML.;MICROCOMPUTADOR PORTATIL DELL LATITUDE E;30/11/2016;15126;NI;2191;;
15127;0;132010506;EQUIPAMENTOS C.P.D. - COML.;MICROCOMPUTADOR PORTATIL DELL LATITUDE E;30/11/2016;15127;NI;2191;;
704786;3;132010904;MOVEIS E UTENSILIOS - COML.;UNIDADE CONDENSADORA RAA030H3S 220V/60Hz;30/11/2016;24593;DESCANSO;3112;HITACH;
704786;1;132010904;MOVEIS E UTENSILIOS - COML.;UNIDADE EVAPORADORA HITACHI.;30/11/2016;24593;DESCANSO;3112;HITACH;
