Bem Pat;Seq;Conta;Descri巫o Conta;Narrativa;Data Inv.;Plaqueta;Localiza巫o;Un Neg;Plano CCusto;Centro Custo;MARCA;MODELO
7781;0;132010904;MOVEIS E UTENSILIOS - COML.;ARMARIO BAIXO COM 2 PORTAS - ARGILA;30/11/2016;23501;LOGISTICA;0;TORT2007;3111;;
7982;0;132010904;MOVEIS E UTENSILIOS - COML.;REFRIGERADOR CONSUL CRA-34D 340L BC 220V;30/11/2016;23592;REFEIT. EXPE;0;TORT2007;3112;CONSUL;ESATTA
7740;0;132010904;MOVEIS E UTENSILIOS - COML.;MESA RETANGULAR PARA SALA DE REUNIAO;30/11/2016;23594;REFEIT. EXPE;0;TORT2007;3112;;
7741;0;132010904;MOVEIS E UTENSILIOS - COML.;MESA RETANGULAR PARA SALA DE REUNIAO;30/11/2016;23595;REFEIT. EXPE;0;TORT2007;3112;;
7742;0;132010904;MOVEIS E UTENSILIOS - COML.;MESA RETANGULAR PARA SALA DE REUNIAO;30/11/2016;23596;REFEIT. EXPE;0;TORT2007;3112;;
7743;0;132010904;MOVEIS E UTENSILIOS - COML.;MESA RETANGULAR PARA SALA DE REUNIAO;30/11/2016;23597;REFEIT. EXPE;0;TORT2007;3112;;
7744;0;132010904;MOVEIS E UTENSILIOS - COML.;MESA RETANGULAR PARA SALA DE REUNIAO;30/11/2016;23598;REFEIT. EXPE;0;TORT2007;3112;;
5580;0;132010904;MOVEIS E UTENSILIOS - COML.;TV PHILCO 20;30/11/2016;23603;APOIO MOTORI;0;TORT2007;3112;LG;29 POLEG
7793;0;132010904;MOVEIS E UTENSILIOS - COML.;MESA SEBALD CENTRAL 1200;30/11/2016;23604;APOIO MOTORI;0;TORT2007;3112;;
8132;0;132010904;MOVEIS E UTENSILIOS - COML.;ROUPEIRO 12 P.P;30/11/2016;23605;VESTI. MASC.;0;TORT2007;3112;;
7794;0;132010904;MOVEIS E UTENSILIOS - COML.;MESA SEBALD CENTRAL 1200;30/11/2016;23606;EXPEDI큐O;0;TORT2007;3112;;
7795;0;132010904;MOVEIS E UTENSILIOS - COML.;MESA SEBALD CENTRAL 1200;30/11/2016;23607;EXPEDI큐O;0;TORT2007;3112;;
7593;0;132010904;MOVEIS E UTENSILIOS - COML.;ARMARIO ESTANTE DE A큞 STEEL LINE;30/11/2016;23608;EXPEDI큐O;0;TORT2007;3112;;
7284;0;132010904;MOVEIS E UTENSILIOS - COML.;CONJUNTO UNIDADE EVAPORADORA MOD. MCW518;30/11/2016;23609;GEREN. VENDA;0;TORT2007;3112;TRANE;
7769;0;132010904;MOVEIS E UTENSILIOS - COML.;ARMARIO BAIXO / FENDA E TAMPO.;30/11/2016;23610;GEREN. VENDA;0;TORT2007;3112;;
7770;0;132010904;MOVEIS E UTENSILIOS - COML.;ARMARIO BAIXO / FENDA E TAMPO.;30/11/2016;23611;GEREN. VENDA;0;TORT2007;3112;;
7843;0;132010904;MOVEIS E UTENSILIOS - COML.;MESA MODELO ANTURIO 60x60;30/11/2016;23613;GEREN. VENDA;0;TORT2007;3112;;
7784;0;132010904;MOVEIS E UTENSILIOS - COML.;ARMARIO ALTO COM 3 PRATELEIRAS;30/11/2016;23617;VENDAS;0;TORT2007;3112;;
7785;0;132010904;MOVEIS E UTENSILIOS - COML.;ARMARIO ALTO COM 3 PRATELEIRAS;30/11/2016;23618;VENDAS;0;TORT2007;3112;;
7771;0;132010904;MOVEIS E UTENSILIOS - COML.;ARMARIO BAIXO / FENDA E TAMPO.;30/11/2016;23619;VENDAS;0;TORT2007;3112;;
7750;0;132010904;MOVEIS E UTENSILIOS - COML.;GAVETEIRO COM 03 GAVETAS - HAYA;30/11/2016;23620;VENDAS;0;TORT2007;3112;;
7764;0;132010904;MOVEIS E UTENSILIOS - COML.;GAVETEIRO COM 3 GAVETAS - ARGILA;30/11/2016;23621;VENDAS;0;TORT2007;3112;;
7836;0;132010904;MOVEIS E UTENSILIOS - COML.;MESA MODELO ANTURIO 60x60;30/11/2016;23622;VENDAS;0;TORT2007;3112;;
7837;0;132010904;MOVEIS E UTENSILIOS - COML.;MESA MODELO ANTURIO 60x60;30/11/2016;23623;VENDAS;0;TORT2007;3112;;
7797;0;132010904;MOVEIS E UTENSILIOS - COML.;MESA SEBALD CENTRAL 1200;30/11/2016;23626;VENDAS;0;TORT2007;3112;;
7732;0;132010904;MOVEIS E UTENSILIOS - COML.;MESA DE REUNIAO CIRCULAR - ARGILA;30/11/2016;23627;VENDAS;0;TORT2007;3112;;
706084;0;132010506;EQUIPAMENTOS C.P.D. - COML.;IMPRESSORA LEXMARK E352DN LASER.;30/11/2016;23628;VENDAS;0;TORT2007;3112;LEXMAR;E332N
7285;0;132010904;MOVEIS E UTENSILIOS - COML.;CONJUNTO UNIDADE EVAPORADORA MOD. MCW518;30/11/2016;23629;VENDAS;0;TORT2007;3112;TRANE;
7286;0;132010904;MOVEIS E UTENSILIOS - COML.;CONJUNTO UNIDADE EVAPORADORA MOD. MCW518;30/11/2016;23630;VENDAS;0;TORT2007;3112;TRANE;
5575;0;132010904;MOVEIS E UTENSILIOS - COML.;BEBEDOURO IBBL;30/11/2016;23631;VENDAS;0;TORT2007;3112;ESMALT;GELAGUA
7798;0;132010904;MOVEIS E UTENSILIOS - COML.;MESA SEBALD CENTRAL 1200;30/11/2016;23632;SALA REUNIAO;0;TORT2007;3112;;
7799;0;132010904;MOVEIS E UTENSILIOS - COML.;MESA SEBALD CENTRAL 1200;30/11/2016;23633;SALA REUNIAO;0;TORT2007;3112;;
7842;0;132010904;MOVEIS E UTENSILIOS - COML.;MESA MODELO ANTURIO 60x60;30/11/2016;23515;LOGISTICA;0;TORT2007;3112;;
7800;0;132010904;MOVEIS E UTENSILIOS - COML.;MESA SEBALD CENTRAL 1200;30/11/2016;23634;SALA REUNIAO;0;TORT2007;3112;;
7801;0;132010904;MOVEIS E UTENSILIOS - COML.;MESA SEBALD CENTRAL 1200;30/11/2016;23635;SALA REUNIAO;0;TORT2007;3112;;
7802;0;132010904;MOVEIS E UTENSILIOS - COML.;MESA SEBALD CENTRAL 1200;30/11/2016;23636;SALA REUNIAO;0;TORT2007;3112;;
7803;0;132010904;MOVEIS E UTENSILIOS - COML.;MESA SEBALD CENTRAL 1200;30/11/2016;23637;SALA REUNIAO;0;TORT2007;3112;;
7804;0;132010904;MOVEIS E UTENSILIOS - COML.;MESA SEBALD CENTRAL 1200;30/11/2016;23638;SALA REUNIAO;0;TORT2007;3112;;
7805;0;132010904;MOVEIS E UTENSILIOS - COML.;MESA SEBALD CENTRAL 1200;30/11/2016;23639;SALA REUNIAO;0;TORT2007;3112;;
7810;0;132010904;MOVEIS E UTENSILIOS - COML.;MESA SEBALD MED. 1200 COM 4 GAVETAS.;30/11/2016;23640;SALA REUNIAO;0;TORT2007;3112;;
7811;0;132010904;MOVEIS E UTENSILIOS - COML.;MESA SEBALD MED. 1200 COM 4 GAVETAS.;30/11/2016;23641;SALA REUNIAO;0;TORT2007;3112;;
7295;0;132010904;MOVEIS E UTENSILIOS - COML.;CONJUNTO UNIDADE EVAPORADORA MOD. MCX060;30/11/2016;23643;SALA REUNIAO;0;TORT2007;3112;TRANE;
7833;0;132010904;MOVEIS E UTENSILIOS - COML.;MESA MODELO ANTURIO 60x60;30/11/2016;23516;LOGISTICA;0;TORT2007;3112;;
7296;0;132010904;MOVEIS E UTENSILIOS - COML.;CONJUNTO UNIDADE EVAPORADORA MOD. MCX060;30/11/2016;23644;SALA REUNIAO;0;TORT2007;3112;TRANE;
7772;0;132010904;MOVEIS E UTENSILIOS - COML.;ARMARIO BAIXO / FENDA E TAMPO.;30/11/2016;23645;SALA TECNICO;0;TORT2007;3112;;
7773;0;132010904;MOVEIS E UTENSILIOS - COML.;ARMARIO BAIXO / FENDA E TAMPO.;30/11/2016;23646;SALA TECNICO;0;TORT2007;3112;;
7789;0;132010904;MOVEIS E UTENSILIOS - COML.;ARMARIO BAIXO COM 02 PORTAS - HAYA;30/11/2016;23647;SALA TECNICO;0;TORT2007;3112;;
7765;0;132010904;MOVEIS E UTENSILIOS - COML.;GAVETEIRO COM 3 GAVETAS - ARGILA;30/11/2016;23648;SALA TECNICO;0;TORT2007;3112;;
7766;0;132010904;MOVEIS E UTENSILIOS - COML.;GAVETEIRO COM 3 GAVETAS - ARGILA;30/11/2016;23649;SALA TECNICO;0;TORT2007;3112;;
7751;0;132010904;MOVEIS E UTENSILIOS - COML.;GAVETEIRO COM 4 GAVETAS - ARGILA;30/11/2016;23650;SALA TECNICO;0;TORT2007;3112;;
7752;0;132010904;MOVEIS E UTENSILIOS - COML.;GAVETEIRO COM 4 GAVETAS - ARGILA;30/11/2016;23651;SALA TECNICO;0;TORT2007;3112;;
7838;0;132010904;MOVEIS E UTENSILIOS - COML.;MESA MODELO ANTURIO 60x60;30/11/2016;23652;SALA TECNICO;0;TORT2007;3112;;
7834;0;132010904;MOVEIS E UTENSILIOS - COML.;MESA MODELO ANTURIO 60x60;30/11/2016;23517;LOGISTICA;0;TORT2007;3112;;
7839;0;132010904;MOVEIS E UTENSILIOS - COML.;MESA MODELO ANTURIO 60x60;30/11/2016;23653;SALA TECNICO;0;TORT2007;3112;;
7840;0;132010904;MOVEIS E UTENSILIOS - COML.;MESA MODELO ANTURIO 60x60;30/11/2016;23654;SALA TECNICO;0;TORT2007;3112;;
7841;0;132010904;MOVEIS E UTENSILIOS - COML.;MESA MODELO ANTURIO 60x60;30/11/2016;23655;SALA TECNICO;0;TORT2007;3112;;
7288;0;132010904;MOVEIS E UTENSILIOS - COML.;CONJUNTO UNIDADE EVAPORADORA MOD. MCX536;30/11/2016;23660;SALA TECNICO;0;TORT2007;3112;TRANE;MCW508K1
7835;0;132010904;MOVEIS E UTENSILIOS - COML.;MESA MODELO ANTURIO 60x60;30/11/2016;23518;LOGISTICA;0;TORT2007;3112;;
4894;1;132010904;MOVEIS E UTENSILIOS - COML.;RELOGIO DE PONTO ELETRONICO DIMEP;30/11/2016;23662;ADM;0;TORT2007;3112;DIMEP;MICROPOI
7808;0;132010904;MOVEIS E UTENSILIOS - COML.;MESA SEBALD - MEDIDA 1200;30/11/2016;23519;LOGISTICA;0;TORT2007;3112;;
7782;0;132010904;MOVEIS E UTENSILIOS - COML.;ARMARIO BAIXO COM 2 PORTAS - ARGILA;30/11/2016;23502;LOGISTICA;0;TORT2007;3112;;
7809;0;132010904;MOVEIS E UTENSILIOS - COML.;MESA SEBALD - MEDIDA 1200;30/11/2016;23520;LOGISTICA;0;TORT2007;3112;;
7796;0;132010904;MOVEIS E UTENSILIOS - COML.;MESA SEBALD CENTRAL 1200;30/11/2016;23521;LOGISTICA;0;TORT2007;3112;;
7731;0;132010904;MOVEIS E UTENSILIOS - COML.;MESA DE REUNIAO CIRCULAR - ARGILA;30/11/2016;23523;LOGISTICA;0;TORT2007;3112;;
5557;0;132010904;MOVEIS E UTENSILIOS - COML.;ESCANINHO;30/11/2016;23524;LOGISTICA;0;TORT2007;3112;;
9472;1;132010506;EQUIPAMENTOS C.P.D. - COML.;MONITOR DELL FLAT PANEL 17 E178FPC.;30/11/2016;23529;LOGISTICA;0;TORT2007;2140;DELL;E178
7783;0;132010904;MOVEIS E UTENSILIOS - COML.;ARMARIO BAIXO COM 2 PORTAS - ARGILA;30/11/2016;23503;LOGISTICA;0;TORT2007;3112;;
9450;1;132010506;EQUIPAMENTOS C.P.D. - COML.;MICROCOMPUTADOR DELL OPTIPLEX 745 INTEL.;30/11/2016;23530;LOGISTICA;0;TORT2007;2140;DELL;OPT. 755
11877;0;132010506;EQUIPAMENTOS C.P.D. - COML.;IMPRESSORA LASER HP MOD. 4015N.;30/11/2016;23531;LOGISTICA;0;TORT2007;3112;HP;P4015N
7113;3;132010506;EQUIPAMENTOS C.P.D. - COML.;IMPRESSORA LASER LEXMARK E332N;30/11/2016;23532;LOGISTICA;0;TORT2007;3111;LEXMAR;E450DN
10026;1;136010103;EQUIPAMENTOS CPD - COML.;"MONITOR DELL FLAT PANEL 17"" E178FPC.";30/11/2016;23538;LOGISTICA;0;TORT2007;2160;DELL;1914
11186;1;136010103;EQUIPAMENTOS CPD - COML.;MICROCOMPUTADOR DELL OPTIPLEX 755;30/11/2016;16226;LOGISTICA;0;TORT2007;3112;DELL;OPT.9020
7774;0;132010904;MOVEIS E UTENSILIOS - COML.;ARMARIO BAIXO COM TAMPO 60 - ARGILA;30/11/2016;23504;LOGISTICA;0;TORT2007;3112;;
13093;1;132010506;EQUIPAMENTOS C.P.D. - COML.;MULTIFUNCIONAL HP OFFICEJET 3680;30/11/2016;23540;LOGISTICA;0;TORT2007;3111;HP;J3680
704097;0;132010506;EQUIPAMENTOS C.P.D. - COML.;MICROCOMPUTADOR (NOTEBOOK) DELL LATITUDE;30/11/2016;16762;LOGISTICA;0;TORT2007;2140;DELL;E7450
5467;0;132010904;MOVEIS E UTENSILIOS - COML.;BEBEDOURO IBBL;30/11/2016;23541;RECEP큐O;0;TORT2007;3112;;
11101;1;136010103;EQUIPAMENTOS CPD - COML.;"MONITOR DELL LCD 17"" E178FPC";30/11/2016;23544;RECEP큐O;0;TORT2007;3112;DELL;W1943
7591;0;132010904;MOVEIS E UTENSILIOS - COML.;LONGARINA DE 3 LUGARES, EM TECIDO AZUL;30/11/2016;23543;RECEP큐O;0;TORT2007;3112;;
7775;0;132010904;MOVEIS E UTENSILIOS - COML.;ARMARIO BAIXO COM TAMPO 60 - ARGILA;30/11/2016;23505;LOGISTICA;0;TORT2007;3112;;
7780;0;132010904;MOVEIS E UTENSILIOS - COML.;ARMARIO BAIXO COM TAMPO 60 - ARGILA;30/11/2016;23546;RECEP큐O;0;TORT2007;3112;;
7592;0;132010904;MOVEIS E UTENSILIOS - COML.;LONGARINA DE 3 LUGARES, EM TECIDO AZUL;30/11/2016;23548;RECEP큐O;0;TORT2007;3112;;
7807;0;132010904;MOVEIS E UTENSILIOS - COML.;MESA SEBALD CENTRAL - 1500;30/11/2016;23553;SALA DE CONV;0;TORT2007;3112;;
7776;0;132010904;MOVEIS E UTENSILIOS - COML.;ARMARIO BAIXO COM TAMPO 60 - ARGILA;30/11/2016;23506;LOGISTICA;0;TORT2007;3112;;
7790;0;132010904;MOVEIS E UTENSILIOS - COML.;ARMARIO BAIXO COM 02 PORTAS - HAYA;30/11/2016;23554;SALA DE CONV;0;TORT2007;3112;;
8057;0;132010904;MOVEIS E UTENSILIOS - COML.;ARMARIO DE COZINHA EM MDF.;30/11/2016;23555;REFEITORIO;0;TORT2007;3112;;
5602;0;132010904;MOVEIS E UTENSILIOS - COML.;REFRIGERADOR CONSUL;30/11/2016;23556;REFEITORIO;0;TORT2007;3112;CONSUL;340
7988;0;132010904;MOVEIS E UTENSILIOS - COML.;FOGAO DAKO SUPREME 4 BOCAS BRANCO.;30/11/2016;23558;REFEITORIO;0;TORT2007;3112;ATLAS;MONGLASS
7734;0;132010904;MOVEIS E UTENSILIOS - COML.;MESA RETANGULAR PARA SALA DE REUNIAO;30/11/2016;23560;REFEITORIO;0;TORT2007;3112;;
7735;0;132010904;MOVEIS E UTENSILIOS - COML.;MESA RETANGULAR PARA SALA DE REUNIAO;30/11/2016;23561;REFEITORIO;0;TORT2007;3112;;
7736;0;132010904;MOVEIS E UTENSILIOS - COML.;MESA RETANGULAR PARA SALA DE REUNIAO;30/11/2016;23562;REFEITORIO;0;TORT2007;3112;;
7777;0;132010904;MOVEIS E UTENSILIOS - COML.;ARMARIO BAIXO COM TAMPO 60 - ARGILA;30/11/2016;23507;LOGISTICA;0;TORT2007;3112;;
7737;0;132010904;MOVEIS E UTENSILIOS - COML.;MESA RETANGULAR PARA SALA DE REUNIAO;30/11/2016;23563;REFEITORIO;0;TORT2007;3112;;
7738;0;132010904;MOVEIS E UTENSILIOS - COML.;MESA RETANGULAR PARA SALA DE REUNIAO;30/11/2016;23564;REFEITORIO;0;TORT2007;3112;;
7739;0;132010904;MOVEIS E UTENSILIOS - COML.;MESA RETANGULAR PARA SALA DE REUNIAO;30/11/2016;23565;REFEITORIO;0;TORT2007;3112;;
7806;0;132010904;MOVEIS E UTENSILIOS - COML.;MESA SEBALD CENTRAL - 1500;30/11/2016;23566;MARKETING;0;TORT2007;3112;;
7323;0;132010506;EQUIPAMENTOS C.P.D. - COML.;SWITCH 3COM MOD. SUPERSTACK 3 4226T 24;30/11/2016;23567;DATA ROOM;0;TORT2007;3112;3COM;3C17300
10010;1;136010103;EQUIPAMENTOS CPD - COML.;MICROCOMPUTADOR DELL OPTIPLEX 755 INTEL;30/11/2016;23568;TI;0;TORT2007;2160;DELL;OPT. 755
7778;0;132010904;MOVEIS E UTENSILIOS - COML.;ARMARIO BAIXO COM TAMPO 60 - ARGILA;30/11/2016;23508;LOGISTICA;0;TORT2007;3112;;
7983;0;132010904;MOVEIS E UTENSILIOS - COML.;RACK AMBAR TABACO COM RODIZIO.;30/11/2016;23575;DATA ROOM;0;TORT2007;3112;;
7984;0;132010904;MOVEIS E UTENSILIOS - COML.;RACK AMBAR TABACO COM RODIZIO.;30/11/2016;23576;DATA ROOM;0;TORT2007;3112;;
7495;0;132010506;EQUIPAMENTOS C.P.D. - COML.;ESTABILIZADOR 엔T30000 THTHi POT툁CIA;30/11/2016;23577;DATA ROOM;0;TORT2007;3112;SMS;ENERGIE
7779;0;132010904;MOVEIS E UTENSILIOS - COML.;ARMARIO BAIXO COM TAMPO 60 - ARGILA;30/11/2016;23509;LOGISTICA;0;TORT2007;3112;;
5546;1;132010506;EQUIPAMENTOS C.P.D. - COML.;NOBREAK TS SHARA 1600VA 2BS/BA N.3120509;30/11/2016;23583;DATA ROOM;0;TORT2007;3112;APC;SMART
11133;1;136010103;EQUIPAMENTOS CPD - COML.;NOTEBOOK DELL LATITUDE D630 INTEL CORE 2;30/11/2016;11133;NI;0;TORT2007;2140;;
7534;0;132010904;MOVEIS E UTENSILIOS - COML.;CADEIRA CYGNUS GIRATORIA, EM TECIDO;30/11/2016;7534;NI;0;TORT2007;3112;;
7535;0;132010904;MOVEIS E UTENSILIOS - COML.;CADEIRA CYGNUS GIRATORIA, EM TECIDO;30/11/2016;7535;NI;0;TORT2007;3112;;
7536;0;132010904;MOVEIS E UTENSILIOS - COML.;CADEIRA CYGNUS GIRATORIA, EM TECIDO;30/11/2016;7536;NI;0;TORT2007;3112;;
7537;0;132010904;MOVEIS E UTENSILIOS - COML.;CADEIRA CYGNUS GIRATORIA, EM TECIDO;30/11/2016;7537;NI;0;TORT2007;3112;;
7538;0;132010904;MOVEIS E UTENSILIOS - COML.;CADEIRA CYGNUS GIRATORIA, EM TECIDO;30/11/2016;7538;NI;0;TORT2007;3112;;
7539;0;132010904;MOVEIS E UTENSILIOS - COML.;CADEIRA CYGNUS GIRATORIA, EM TECIDO;30/11/2016;7539;NI;0;TORT2007;3112;;
7540;0;132010904;MOVEIS E UTENSILIOS - COML.;CADEIRA CYGNUS GIRATORIA, EM TECIDO;30/11/2016;7540;NI;0;TORT2007;3112;;
7541;0;132010904;MOVEIS E UTENSILIOS - COML.;CADEIRA CYGNUS GIRATORIA, EM TECIDO;30/11/2016;7541;NI;0;TORT2007;3112;;
7542;0;132010904;MOVEIS E UTENSILIOS - COML.;CADEIRA CYGNUS GIRATORIA, EM TECIDO;30/11/2016;7542;NI;0;TORT2007;3112;;
7543;0;132010904;MOVEIS E UTENSILIOS - COML.;CADEIRA CYGNUS GIRATORIA, EM TECIDO;30/11/2016;7543;NI;0;TORT2007;3112;;
7544;0;132010904;MOVEIS E UTENSILIOS - COML.;CADEIRA CYGNUS GIRATORIA, EM TECIDO;30/11/2016;7544;NI;0;TORT2007;3112;;
7545;0;132010904;MOVEIS E UTENSILIOS - COML.;CADEIRA CYGNUS GIRATORIA, EM TECIDO;30/11/2016;7545;NI;0;TORT2007;3112;;
7546;0;132010904;MOVEIS E UTENSILIOS - COML.;CADEIRA CYGNUS GIRATORIA, EM TECIDO;30/11/2016;7546;NI;0;TORT2007;3112;;
7547;0;132010904;MOVEIS E UTENSILIOS - COML.;CADEIRA CYGNUS GIRATORIA, EM TECIDO;30/11/2016;7547;NI;0;TORT2007;3112;;
7548;0;132010904;MOVEIS E UTENSILIOS - COML.;CADEIRA CYGNUS GIRATORIA, EM TECIDO;30/11/2016;7548;NI;0;TORT2007;3112;;
7549;0;132010904;MOVEIS E UTENSILIOS - COML.;CADEIRA CYGNUS GIRATORIA, EM TECIDO;30/11/2016;7549;NI;0;TORT2007;3112;;
7589;0;132010904;MOVEIS E UTENSILIOS - COML.;CADEIRA CYGNUS, GIRATORIA, EM COURISSIMO;30/11/2016;7589;NI;0;TORT2007;3112;;
7590;0;132010904;MOVEIS E UTENSILIOS - COML.;CADEIRA CYGNUS, GIRATORIA, EM COURISSIMO;30/11/2016;7590;NI;0;TORT2007;3112;;
7550;0;132010904;MOVEIS E UTENSILIOS - COML.;CADEIRA CYGNUS, GIRATORIA, EM TECIDO;30/11/2016;7550;NI;0;TORT2007;3112;;
7551;0;132010904;MOVEIS E UTENSILIOS - COML.;CADEIRA CYGNUS, GIRATORIA, EM TECIDO;30/11/2016;7551;NI;0;TORT2007;3112;;
7552;0;132010904;MOVEIS E UTENSILIOS - COML.;CADEIRA CYGNUS, GIRATORIA, EM TECIDO;30/11/2016;7552;NI;0;TORT2007;3112;;
7553;0;132010904;MOVEIS E UTENSILIOS - COML.;CADEIRA CYGNUS, GIRATORIA, EM TECIDO;30/11/2016;7553;NI;0;TORT2007;3112;;
7554;0;132010904;MOVEIS E UTENSILIOS - COML.;CADEIRA CYGNUS, GIRATORIA, EM TECIDO;30/11/2016;7554;NI;0;TORT2007;3112;;
7555;0;132010904;MOVEIS E UTENSILIOS - COML.;CADEIRA CYGNUS, GIRATORIA, EM TECIDO;30/11/2016;7555;NI;0;TORT2007;3112;;
7556;0;132010904;MOVEIS E UTENSILIOS - COML.;CADEIRA CYGNUS, GIRATORIA, EM TECIDO;30/11/2016;7556;NI;0;TORT2007;3112;;
7557;0;132010904;MOVEIS E UTENSILIOS - COML.;CADEIRA CYGNUS, GIRATORIA, EM TECIDO;30/11/2016;7557;NI;0;TORT2007;3112;;
7558;0;132010904;MOVEIS E UTENSILIOS - COML.;CADEIRA CYGNUS, GIRATORIA, EM TECIDO;30/11/2016;7558;NI;0;TORT2007;3112;;
7559;0;132010904;MOVEIS E UTENSILIOS - COML.;CADEIRA CYGNUS, GIRATORIA, EM TECIDO;30/11/2016;7559;NI;0;TORT2007;3112;;
7560;0;132010904;MOVEIS E UTENSILIOS - COML.;CADEIRA CYGNUS, GIRATORIA, EM TECIDO;30/11/2016;7560;NI;0;TORT2007;3112;;
7561;0;132010904;MOVEIS E UTENSILIOS - COML.;CADEIRA CYGNUS, GIRATORIA, EM TECIDO;30/11/2016;7561;NI;0;TORT2007;3112;;
7562;0;132010904;MOVEIS E UTENSILIOS - COML.;CADEIRA CYGNUS, GIRATORIA, EM TECIDO;30/11/2016;7562;NI;0;TORT2007;3112;;
7563;0;132010904;MOVEIS E UTENSILIOS - COML.;CADEIRA CYGNUS, GIRATORIA, EM TECIDO;30/11/2016;7563;NI;0;TORT2007;3112;;
7564;0;132010904;MOVEIS E UTENSILIOS - COML.;CADEIRA CYGNUS, GIRATORIA, EM TECIDO;30/11/2016;7564;NI;0;TORT2007;3112;;
7565;0;132010904;MOVEIS E UTENSILIOS - COML.;CADEIRA CYGNUS, GIRATORIA, EM TECIDO;30/11/2016;7565;NI;0;TORT2007;3112;;
7566;0;132010904;MOVEIS E UTENSILIOS - COML.;CADEIRA CYGNUS, GIRATORIA, EM TECIDO;30/11/2016;7566;NI;0;TORT2007;3112;;
7567;0;132010904;MOVEIS E UTENSILIOS - COML.;CADEIRA CYGNUS, GIRATORIA, EM TECIDO;30/11/2016;7567;NI;0;TORT2007;3112;;
7568;0;132010904;MOVEIS E UTENSILIOS - COML.;CADEIRA CYGNUS, GIRATORIA, EM TECIDO;30/11/2016;7568;NI;0;TORT2007;3112;;
7569;0;132010904;MOVEIS E UTENSILIOS - COML.;CADEIRA CYGNUS, GIRATORIA, EM TECIDO;30/11/2016;7569;NI;0;TORT2007;3112;;
7570;0;132010904;MOVEIS E UTENSILIOS - COML.;CADEIRA CYGNUS, GIRATORIA, EM TECIDO;30/11/2016;7570;NI;0;TORT2007;3112;;
7571;0;132010904;MOVEIS E UTENSILIOS - COML.;CADEIRA CYGNUS, GIRATORIA, EM TECIDO;30/11/2016;7571;NI;0;TORT2007;3112;;
7572;0;132010904;MOVEIS E UTENSILIOS - COML.;CADEIRA CYGNUS, GIRATORIA, EM TECIDO;30/11/2016;7572;NI;0;TORT2007;3112;;
7573;0;132010904;MOVEIS E UTENSILIOS - COML.;CADEIRA CYGNUS, GIRATORIA, EM TECIDO;30/11/2016;7573;NI;0;TORT2007;3112;;
7574;0;132010904;MOVEIS E UTENSILIOS - COML.;CADEIRA CYGNUS, GIRATORIA, EM TECIDO;30/11/2016;7574;NI;0;TORT2007;3112;;
7575;0;132010904;MOVEIS E UTENSILIOS - COML.;CADEIRA CYGNUS, GIRATORIA, EM TECIDO;30/11/2016;7575;NI;0;TORT2007;3112;;
7576;0;132010904;MOVEIS E UTENSILIOS - COML.;CADEIRA CYGNUS, GIRATORIA, EM TECIDO;30/11/2016;7576;NI;0;TORT2007;3112;;
7577;0;132010904;MOVEIS E UTENSILIOS - COML.;CADEIRA CYGNUS, GIRATORIA, EM TECIDO;30/11/2016;7577;NI;0;TORT2007;3112;;
7578;0;132010904;MOVEIS E UTENSILIOS - COML.;CADEIRA CYGNUS, GIRATORIA, EM TECIDO;30/11/2016;7578;NI;0;TORT2007;3112;;
7579;0;132010904;MOVEIS E UTENSILIOS - COML.;CADEIRA CYGNUS, GIRATORIA, EM TECIDO;30/11/2016;7579;NI;0;TORT2007;3112;;
7580;0;132010904;MOVEIS E UTENSILIOS - COML.;CADEIRA CYGNUS, GIRATORIA, EM TECIDO;30/11/2016;7580;NI;0;TORT2007;3112;;
7325;0;132010506;EQUIPAMENTOS C.P.D. - COML.;ACCESS POINT D-LINK 108 MBPS SUPER G XR;30/11/2016;7325;NI;0;TORT2007;3112;;
7328;0;132010506;EQUIPAMENTOS C.P.D. - COML.;ACCESS POINT D-LINK 108 MBPS SUPER G XR;30/11/2016;7328;NI;0;TORT2007;3112;;
7330;0;132010506;EQUIPAMENTOS C.P.D. - COML.;ACCESS POINT D-LINK 108 MBPS SUPER G XR;30/11/2016;7330;NI;0;TORT2007;2140;;
7331;0;132010506;EQUIPAMENTOS C.P.D. - COML.;ACCESS POINT D-LINK 108 MBPS SUPER G XR;30/11/2016;7331;NI;0;TORT2007;2140;;
7332;0;132010506;EQUIPAMENTOS C.P.D. - COML.;ACCESS POINT D-LINK 108 MBPS SUPER G XR;30/11/2016;7332;NI;0;TORT2007;2140;;
9136;0;132010506;EQUIPAMENTOS C.P.D. - COML.;ACCESS POINT WIRELESS-G 54MBPS 10/100 4P;30/11/2016;9136;NI;0;TORT2007;3112;;
5130;1;132010904;MOVEIS E UTENSILIOS - COML.;APARELHO DE AR CONDICIONADO CONSUL;30/11/2016;5130;NI;0;TORT2007;3112;;
5425;1;132010904;MOVEIS E UTENSILIOS - COML.;APARELHO DE AR CONDICIONADO CONSUL;30/11/2016;5425;NI;0;TORT2007;3112;;
5427;1;132010904;MOVEIS E UTENSILIOS - COML.;APARELHO DE AR CONDICIONADO CONSUL;30/11/2016;5427;NI;0;TORT2007;3112;;
6167;0;132010904;MOVEIS E UTENSILIOS - COML.;APARELHO DE AR CONDICIONADO CONSUL;30/11/2016;6167;NI;0;TORT2007;3112;;
6104;1;132010904;MOVEIS E UTENSILIOS - COML.;APARELHO DE AR CONDICIONADO CONSUL 18000;30/11/2016;6104;NI;0;TORT2007;3112;;
4974;1;132010904;MOVEIS E UTENSILIOS - COML.;APARELHO DE AR CONDICIONADO SPRINGER;30/11/2016;4974;NI;0;TORT2007;3112;;
5576;1;132010904;MOVEIS E UTENSILIOS - COML.;APARELHO DE AR CONDICIONADO SPRINGER;30/11/2016;5576;NI;0;TORT2007;3112;;
5567;0;132010904;MOVEIS E UTENSILIOS - COML.;AR COND. CONSUL 7.000 BTUS;30/11/2016;5567;NI;0;TORT2007;3112;;
5632;0;132010904;MOVEIS E UTENSILIOS - COML.;AR CONDIC. 7000 CONSUL;30/11/2016;5632;NI;0;TORT2007;3112;;
5600;0;132010904;MOVEIS E UTENSILIOS - COML.;AR CONDIC. 7500 BTUS;30/11/2016;5600;NI;0;TORT2007;3112;;
5517;0;132010904;MOVEIS E UTENSILIOS - COML.;AR CONDIC. CONSUL 10.000 BTUS;30/11/2016;5517;NI;0;TORT2007;3112;;
5545;0;132010904;MOVEIS E UTENSILIOS - COML.;AR CONDIC. SPRINGER 18.000 BTUS;30/11/2016;5545;NI;0;TORT2007;3112;;
5571;0;132010904;MOVEIS E UTENSILIOS - COML.;AR CONDICIONADO 7000 BTUS;30/11/2016;5571;NI;0;TORT2007;3112;;
5505;0;132010904;MOVEIS E UTENSILIOS - COML.;AR CONDICIONADO CONSUL 10.000 BTUS;30/11/2016;5505;NI;0;TORT2007;3112;;
5492;0;132010904;MOVEIS E UTENSILIOS - COML.;AR CONDICIONADO CONSUL 7.500 BTUS;30/11/2016;5492;NI;0;TORT2007;3112;;
5493;0;132010904;MOVEIS E UTENSILIOS - COML.;AR CONDICIONADO CONSUL 7.500 BTUS;30/11/2016;5493;NI;0;TORT2007;3112;;
5583;0;132010904;MOVEIS E UTENSILIOS - COML.;AR CONDICIONADO CONSUL 7.500 BTUS;30/11/2016;5583;NI;0;TORT2007;3112;;
7786;0;132010904;MOVEIS E UTENSILIOS - COML.;ARMARIO ALTO COM 3 PRATELEIRAS;30/11/2016;7786;NI;0;TORT2007;3112;;
7787;0;132010904;MOVEIS E UTENSILIOS - COML.;ARMARIO ALTO COM 3 PRATELEIRAS;30/11/2016;7787;NI;0;TORT2007;3112;;
7788;0;132010904;MOVEIS E UTENSILIOS - COML.;ARMARIO ALTO COM 3 PRATELEIRAS;30/11/2016;7788;NI;0;TORT2007;3112;;
7594;0;132010904;MOVEIS E UTENSILIOS - COML.;ARMARIO ESTANTE DE A큞 STEEL LINE;30/11/2016;7594;NI;0;TORT2007;3112;;
7595;0;132010904;MOVEIS E UTENSILIOS - COML.;ARMARIO ESTANTE DE A큞 STEEL LINE;30/11/2016;7595;NI;0;TORT2007;3112;;
7596;0;132010904;MOVEIS E UTENSILIOS - COML.;ARMARIO ESTANTE DE A큞 STEEL LINE;30/11/2016;7596;NI;0;TORT2007;3112;;
7597;0;132010904;MOVEIS E UTENSILIOS - COML.;ARMARIO ESTANTE DE A큞 STEEL LINE;30/11/2016;7597;NI;0;TORT2007;3112;;
7598;0;132010904;MOVEIS E UTENSILIOS - COML.;ARMARIO ESTANTE DE A큞 STEEL LINE;30/11/2016;7598;NI;0;TORT2007;3112;;
7599;0;132010904;MOVEIS E UTENSILIOS - COML.;ARMARIO ESTANTE DE A큞 STEEL LINE;30/11/2016;7599;NI;0;TORT2007;3112;;
7600;0;132010904;MOVEIS E UTENSILIOS - COML.;ARMARIO ESTANTE DE A큞 STEEL LINE;30/11/2016;7600;NI;0;TORT2007;3112;;
7601;0;132010904;MOVEIS E UTENSILIOS - COML.;ARMARIO ESTANTE DE A큞 STEEL LINE;30/11/2016;7601;NI;0;TORT2007;3112;;
7602;0;132010904;MOVEIS E UTENSILIOS - COML.;ARMARIO ESTANTE DE A큞 STEEL LINE;30/11/2016;7602;NI;0;TORT2007;3112;;
7603;0;132010904;MOVEIS E UTENSILIOS - COML.;ARMARIO ESTANTE DE A큞 STEEL LINE;30/11/2016;7603;NI;0;TORT2007;3112;;
7604;0;132010904;MOVEIS E UTENSILIOS - COML.;ARMARIO ESTANTE DE A큞 STEEL LINE;30/11/2016;7604;NI;0;TORT2007;3112;;
7605;0;132010904;MOVEIS E UTENSILIOS - COML.;ARMARIO ESTANTE DE A큞 STEEL LINE;30/11/2016;7605;NI;0;TORT2007;3112;;
7606;0;132010904;MOVEIS E UTENSILIOS - COML.;ARMARIO ESTANTE DE A큞 STEEL LINE;30/11/2016;7606;NI;0;TORT2007;3112;;
7607;0;132010904;MOVEIS E UTENSILIOS - COML.;ARMARIO ESTANTE DE A큞 STEEL LINE;30/11/2016;7607;NI;0;TORT2007;3112;;
7608;0;132010904;MOVEIS E UTENSILIOS - COML.;ARMARIO ESTANTE DE A큞 STEEL LINE;30/11/2016;7608;NI;0;TORT2007;3112;;
7609;0;132010904;MOVEIS E UTENSILIOS - COML.;ARMARIO ESTANTE DE A큞 STEEL LINE;30/11/2016;7609;NI;0;TORT2007;3112;;
7610;0;132010904;MOVEIS E UTENSILIOS - COML.;ARMARIO ESTANTE DE A큞 STEEL LINE;30/11/2016;7610;NI;0;TORT2007;3112;;
7611;0;132010904;MOVEIS E UTENSILIOS - COML.;ARMARIO ESTANTE DE A큞 STEEL LINE;30/11/2016;7611;NI;0;TORT2007;3112;;
7612;0;132010904;MOVEIS E UTENSILIOS - COML.;ARMARIO ESTANTE DE A큞 STEEL LINE;30/11/2016;7612;NI;0;TORT2007;3112;;
7613;0;132010904;MOVEIS E UTENSILIOS - COML.;ARMARIO ESTANTE DE A큞 STEEL LINE;30/11/2016;7613;NI;0;TORT2007;3112;;
7614;0;132010904;MOVEIS E UTENSILIOS - COML.;ARMARIO ESTANTE DE A큞 STEEL LINE;30/11/2016;7614;NI;0;TORT2007;3112;;
7615;0;132010904;MOVEIS E UTENSILIOS - COML.;ARMARIO ESTANTE DE A큞 STEEL LINE;30/11/2016;7615;NI;0;TORT2007;3112;;
7616;0;132010904;MOVEIS E UTENSILIOS - COML.;ARMARIO ESTANTE DE A큞 STEEL LINE;30/11/2016;7616;NI;0;TORT2007;3112;;
7617;0;132010904;MOVEIS E UTENSILIOS - COML.;ARMARIO ESTANTE DE A큞 STEEL LINE;30/11/2016;7617;NI;0;TORT2007;3112;;
7618;0;132010904;MOVEIS E UTENSILIOS - COML.;ARMARIO ESTANTE DE A큞 STEEL LINE;30/11/2016;7618;NI;0;TORT2007;3112;;
7619;0;132010904;MOVEIS E UTENSILIOS - COML.;ARMARIO ESTANTE DE A큞 STEEL LINE;30/11/2016;7619;NI;0;TORT2007;3112;;
7620;0;132010904;MOVEIS E UTENSILIOS - COML.;ARMARIO ESTANTE DE A큞 STEEL LINE;30/11/2016;7620;NI;0;TORT2007;3112;;
7621;0;132010904;MOVEIS E UTENSILIOS - COML.;ARMARIO ESTANTE DE A큞 STEEL LINE;30/11/2016;7621;NI;0;TORT2007;3112;;
7622;0;132010904;MOVEIS E UTENSILIOS - COML.;ARMARIO ESTANTE DE A큞 STEEL LINE;30/11/2016;7622;NI;0;TORT2007;3112;;
7623;0;132010904;MOVEIS E UTENSILIOS - COML.;ARMARIO ESTANTE DE A큞 STEEL LINE;30/11/2016;7623;NI;0;TORT2007;3112;;
7624;0;132010904;MOVEIS E UTENSILIOS - COML.;ARMARIO ESTANTE DE A큞 STEEL LINE;30/11/2016;7624;NI;0;TORT2007;3112;;
7625;0;132010904;MOVEIS E UTENSILIOS - COML.;ARMARIO ESTANTE DE A큞 STEEL LINE;30/11/2016;7625;NI;0;TORT2007;3112;;
7626;0;132010904;MOVEIS E UTENSILIOS - COML.;ARMARIO ESTANTE DE A큞 STEEL LINE;30/11/2016;7626;NI;0;TORT2007;3112;;
7627;0;132010904;MOVEIS E UTENSILIOS - COML.;ARMARIO ESTANTE DE A큞 STEEL LINE;30/11/2016;7627;NI;0;TORT2007;3112;;
7628;0;132010904;MOVEIS E UTENSILIOS - COML.;ARMARIO ESTANTE DE A큞 STEEL LINE;30/11/2016;7628;NI;0;TORT2007;3112;;
7629;0;132010904;MOVEIS E UTENSILIOS - COML.;ARMARIO ESTANTE DE A큞 STEEL LINE;30/11/2016;7629;NI;0;TORT2007;3112;;
7630;0;132010904;MOVEIS E UTENSILIOS - COML.;ARMARIO ESTANTE DE A큞 STEEL LINE;30/11/2016;7630;NI;0;TORT2007;3112;;
7631;0;132010904;MOVEIS E UTENSILIOS - COML.;ARMARIO ESTANTE DE A큞 STEEL LINE;30/11/2016;7631;NI;0;TORT2007;3112;;
7632;0;132010904;MOVEIS E UTENSILIOS - COML.;ARMARIO ESTANTE DE A큞 STEEL LINE;30/11/2016;7632;NI;0;TORT2007;3112;;
7633;0;132010904;MOVEIS E UTENSILIOS - COML.;ARMARIO ESTANTE DE A큞 STEEL LINE;30/11/2016;7633;NI;0;TORT2007;3112;;
7634;0;132010904;MOVEIS E UTENSILIOS - COML.;ARMARIO ESTANTE DE A큞 STEEL LINE;30/11/2016;7634;NI;0;TORT2007;3112;;
7635;0;132010904;MOVEIS E UTENSILIOS - COML.;ARMARIO ESTANTE DE A큞 STEEL LINE;30/11/2016;7635;NI;0;TORT2007;3112;;
7636;0;132010904;MOVEIS E UTENSILIOS - COML.;ARMARIO ESTANTE DE A큞 STEEL LINE;30/11/2016;7636;NI;0;TORT2007;3112;;
7637;0;132010904;MOVEIS E UTENSILIOS - COML.;ARMARIO ESTANTE DE A큞 STEEL LINE;30/11/2016;7637;NI;0;TORT2007;3112;;
7638;0;132010904;MOVEIS E UTENSILIOS - COML.;ARMARIO ESTANTE DE A큞 STEEL LINE;30/11/2016;7638;NI;0;TORT2007;3112;;
7639;0;132010904;MOVEIS E UTENSILIOS - COML.;ARMARIO ESTANTE DE A큞 STEEL LINE;30/11/2016;7639;NI;0;TORT2007;3112;;
7640;0;132010904;MOVEIS E UTENSILIOS - COML.;ARMARIO ESTANTE DE A큞 STEEL LINE;30/11/2016;7640;NI;0;TORT2007;3112;;
7641;0;132010904;MOVEIS E UTENSILIOS - COML.;ARMARIO ESTANTE DE A큞 STEEL LINE;30/11/2016;7641;NI;0;TORT2007;3112;;
7642;0;132010904;MOVEIS E UTENSILIOS - COML.;ARMARIO ESTANTE DE A큞 STEEL LINE;30/11/2016;7642;NI;0;TORT2007;3112;;
7643;0;132010904;MOVEIS E UTENSILIOS - COML.;ARMARIO ESTANTE DE A큞 STEEL LINE;30/11/2016;7643;NI;0;TORT2007;3112;;
7644;0;132010904;MOVEIS E UTENSILIOS - COML.;ARMARIO ESTANTE DE A큞 STEEL LINE;30/11/2016;7644;NI;0;TORT2007;3112;;
7645;0;132010904;MOVEIS E UTENSILIOS - COML.;ARMARIO ESTANTE DE A큞 STEEL LINE;30/11/2016;7645;NI;0;TORT2007;3112;;
7646;0;132010904;MOVEIS E UTENSILIOS - COML.;ARMARIO ESTANTE DE A큞 STEEL LINE;30/11/2016;7646;NI;0;TORT2007;3112;;
7647;0;132010904;MOVEIS E UTENSILIOS - COML.;ARMARIO ESTANTE DE A큞 STEEL LINE;30/11/2016;7647;NI;0;TORT2007;3112;;
7791;0;132010904;MOVEIS E UTENSILIOS - COML.;ARMARIO PARA MALOTE;30/11/2016;7791;NI;0;TORT2007;3112;;
7792;0;132010904;MOVEIS E UTENSILIOS - COML.;ARMARIO PARA MALOTE;30/11/2016;7792;NI;0;TORT2007;3112;;
10918;0;132010506;EQUIPAMENTOS C.P.D. - COML.;BANDEJA PARA IMPRESSORA HP 4015N;30/11/2016;10918;NI;0;TORT2007;3112;;
5507;0;132010904;MOVEIS E UTENSILIOS - COML.;BEBEDOURO ESMALTEC GEAGUA;30/11/2016;5507;NI;0;TORT2007;3112;;
5615;0;132010904;MOVEIS E UTENSILIOS - COML.;BEBEDOURO IBBL L BAG40/ TORNEIRAS;30/11/2016;5615;NI;0;TORT2007;3112;;
5614;0;132010904;MOVEIS E UTENSILIOS - COML.;BEBEDOURO IBBL/ GALAO;30/11/2016;5614;NI;0;TORT2007;3112;;
5577;0;132010904;MOVEIS E UTENSILIOS - COML.;CADEIRA;30/11/2016;5577;NI;0;TORT2007;3112;;
5611;0;132010904;MOVEIS E UTENSILIOS - COML.;CADEIRA;30/11/2016;5611;NI;0;TORT2007;3112;;
5612;0;132010904;MOVEIS E UTENSILIOS - COML.;CADEIRA;30/11/2016;5612;NI;0;TORT2007;3112;;
5623;0;132010904;MOVEIS E UTENSILIOS - COML.;CADEIRA;30/11/2016;5623;NI;0;TORT2007;3112;;
5624;0;132010904;MOVEIS E UTENSILIOS - COML.;CADEIRA;30/11/2016;5624;NI;0;TORT2007;3112;;
7920;0;132010904;MOVEIS E UTENSILIOS - COML.;CADEIRA APROXIMACAO, DESIGN ITALIANO, BA;30/11/2016;7920;NI;0;TORT2007;3112;;
7921;0;132010904;MOVEIS E UTENSILIOS - COML.;CADEIRA APROXIMACAO, DESIGN ITALIANO, BA;30/11/2016;7921;NI;0;TORT2007;3112;;
7581;0;132010904;MOVEIS E UTENSILIOS - COML.;CADEIRA CYGNUS, GIRATORIA, EM TECIDO;30/11/2016;7581;NI;0;TORT2007;3112;;
7582;0;132010904;MOVEIS E UTENSILIOS - COML.;CADEIRA CYGNUS, GIRATORIA, EM TECIDO;30/11/2016;7582;NI;0;TORT2007;3112;;
7583;0;132010904;MOVEIS E UTENSILIOS - COML.;CADEIRA CYGNUS, GIRATORIA, EM TECIDO;30/11/2016;7583;NI;0;TORT2007;3112;;
7584;0;132010904;MOVEIS E UTENSILIOS - COML.;CADEIRA CYGNUS, GIRATORIA, EM TECIDO;30/11/2016;7584;NI;0;TORT2007;3112;;
7585;0;132010904;MOVEIS E UTENSILIOS - COML.;CADEIRA CYGNUS, GIRATORIA, EM TECIDO;30/11/2016;7585;NI;0;TORT2007;3112;;
7586;0;132010904;MOVEIS E UTENSILIOS - COML.;CADEIRA CYGNUS, GIRATORIA, EM TECIDO;30/11/2016;7586;NI;0;TORT2007;3112;;
7587;0;132010904;MOVEIS E UTENSILIOS - COML.;CADEIRA CYGNUS, GIRATORIA, EM TECIDO;30/11/2016;7587;NI;0;TORT2007;3112;;
7588;0;132010904;MOVEIS E UTENSILIOS - COML.;CADEIRA CYGNUS, GIRATORIA, EM TECIDO;30/11/2016;7588;NI;0;TORT2007;3112;;
7922;0;132010904;MOVEIS E UTENSILIOS - COML.;CADEIRA GIRATORIA PRESIDENTE, DESIGN ITA;30/11/2016;7922;NI;0;TORT2007;3112;;
7845;0;132010904;MOVEIS E UTENSILIOS - COML.;CADEIRA MODELO DALIA.;30/11/2016;7845;NI;0;TORT2007;3112;;
7846;0;132010904;MOVEIS E UTENSILIOS - COML.;CADEIRA MODELO DALIA.;30/11/2016;7846;NI;0;TORT2007;3112;;
7847;0;132010904;MOVEIS E UTENSILIOS - COML.;CADEIRA MODELO DALIA.;30/11/2016;7847;NI;0;TORT2007;3112;;
7848;0;132010904;MOVEIS E UTENSILIOS - COML.;CADEIRA MODELO DALIA.;30/11/2016;7848;NI;0;TORT2007;3112;;
7849;0;132010904;MOVEIS E UTENSILIOS - COML.;CADEIRA MODELO DALIA.;30/11/2016;7849;NI;0;TORT2007;3112;;
7850;0;132010904;MOVEIS E UTENSILIOS - COML.;CADEIRA MODELO DALIA.;30/11/2016;7850;NI;0;TORT2007;3112;;
7851;0;132010904;MOVEIS E UTENSILIOS - COML.;CADEIRA MODELO DALIA.;30/11/2016;7851;NI;0;TORT2007;3112;;
7852;0;132010904;MOVEIS E UTENSILIOS - COML.;CADEIRA MODELO DALIA.;30/11/2016;7852;NI;0;TORT2007;3112;;
7853;0;132010904;MOVEIS E UTENSILIOS - COML.;CADEIRA MODELO DALIA.;30/11/2016;7853;NI;0;TORT2007;3112;;
7854;0;132010904;MOVEIS E UTENSILIOS - COML.;CADEIRA MODELO DALIA.;30/11/2016;7854;NI;0;TORT2007;3112;;
7855;0;132010904;MOVEIS E UTENSILIOS - COML.;CADEIRA MODELO DALIA.;30/11/2016;7855;NI;0;TORT2007;3112;;
7856;0;132010904;MOVEIS E UTENSILIOS - COML.;CADEIRA MODELO DALIA.;30/11/2016;7856;NI;0;TORT2007;3112;;
7857;0;132010904;MOVEIS E UTENSILIOS - COML.;CADEIRA MODELO DALIA.;30/11/2016;7857;NI;0;TORT2007;3112;;
7858;0;132010904;MOVEIS E UTENSILIOS - COML.;CADEIRA MODELO DALIA.;30/11/2016;7858;NI;0;TORT2007;3112;;
7859;0;132010904;MOVEIS E UTENSILIOS - COML.;CADEIRA MODELO DALIA.;30/11/2016;7859;NI;0;TORT2007;3112;;
7860;0;132010904;MOVEIS E UTENSILIOS - COML.;CADEIRA MODELO DALIA.;30/11/2016;7860;NI;0;TORT2007;3112;;
7861;0;132010904;MOVEIS E UTENSILIOS - COML.;CADEIRA MODELO DALIA.;30/11/2016;7861;NI;0;TORT2007;3112;;
7862;0;132010904;MOVEIS E UTENSILIOS - COML.;CADEIRA MODELO DALIA.;30/11/2016;7862;NI;0;TORT2007;3112;;
7863;0;132010904;MOVEIS E UTENSILIOS - COML.;CADEIRA MODELO DALIA.;30/11/2016;7863;NI;0;TORT2007;3112;;
7864;0;132010904;MOVEIS E UTENSILIOS - COML.;CADEIRA MODELO DALIA.;30/11/2016;7864;NI;0;TORT2007;3112;;
7865;0;132010904;MOVEIS E UTENSILIOS - COML.;CADEIRA MODELO DALIA.;30/11/2016;7865;NI;0;TORT2007;3112;;
7866;0;132010904;MOVEIS E UTENSILIOS - COML.;CADEIRA MODELO DALIA.;30/11/2016;7866;NI;0;TORT2007;3112;;
7867;0;132010904;MOVEIS E UTENSILIOS - COML.;CADEIRA MODELO DALIA.;30/11/2016;7867;NI;0;TORT2007;3112;;
7868;0;132010904;MOVEIS E UTENSILIOS - COML.;CADEIRA MODELO DALIA.;30/11/2016;7868;NI;0;TORT2007;3112;;
7302;0;132010904;MOVEIS E UTENSILIOS - COML.;CONJUNTO DE UNIDADE CONDENSADORA MOD.TTK;30/11/2016;7302;NI;0;TORT2007;3112;;
7303;0;132010904;MOVEIS E UTENSILIOS - COML.;CONJUNTO DE UNIDADE CONDENSADORA MOD.TTK;30/11/2016;7303;NI;0;TORT2007;3112;;
7304;0;132010904;MOVEIS E UTENSILIOS - COML.;CONJUNTO DE UNIDADE CONDENSADORA MOD.TTK;30/11/2016;7304;NI;0;TORT2007;3112;;
7305;0;132010904;MOVEIS E UTENSILIOS - COML.;CONJUNTO DE UNIDADE CONDENSADORA MOD.TTK;30/11/2016;7305;NI;0;TORT2007;3112;;
7306;0;132010904;MOVEIS E UTENSILIOS - COML.;CONJUNTO DE UNIDADE CONDENSADORA MOD.TTK;30/11/2016;7306;NI;0;TORT2007;3112;;
7307;0;132010904;MOVEIS E UTENSILIOS - COML.;CONJUNTO DE UNIDADE CONDENSADORA MOD.TTK;30/11/2016;7307;NI;0;TORT2007;3112;;
7308;0;132010904;MOVEIS E UTENSILIOS - COML.;CONJUNTO DE UNIDADE CONDENSADORA MOD.TTK;30/11/2016;7308;NI;0;TORT2007;3112;;
7309;0;132010904;MOVEIS E UTENSILIOS - COML.;CONJUNTO DE UNIDADE CONDENSADORA MOD.TTK;30/11/2016;7309;NI;0;TORT2007;3112;;
7289;0;132010904;MOVEIS E UTENSILIOS - COML.;CONJUNTO UNIDADE EVAPORADORA MOD. MCX536;30/11/2016;7289;NI;0;TORT2007;3112;;
7290;0;132010904;MOVEIS E UTENSILIOS - COML.;CONJUNTO UNIDADE EVAPORADORA MOD. MCX536;30/11/2016;7290;NI;0;TORT2007;3112;;
7291;0;132010904;MOVEIS E UTENSILIOS - COML.;CONJUNTO UNIDADE EVAPORADORA MOD. MCX536;30/11/2016;7291;NI;0;TORT2007;3112;;
5474;0;132010506;EQUIPAMENTOS C.P.D. - COML.;CONTROLADORA IBM 3174 1R;30/11/2016;5474;NI;0;TORT2007;3112;;
7352;0;132010506;EQUIPAMENTOS C.P.D. - COML.;CONVERSOR DE MIDIA 10/100 RJ45/SC PLANET;30/11/2016;7352;NI;0;TORT2007;3112;;
7353;0;132010506;EQUIPAMENTOS C.P.D. - COML.;CONVERSOR DE MIDIA 10/100 RJ45/SC PLANET;30/11/2016;7353;NI;0;TORT2007;3112;;
7354;0;132010506;EQUIPAMENTOS C.P.D. - COML.;CONVERSOR DE MIDIA 10/100 RJ45/SC PLANET;30/11/2016;7354;NI;0;TORT2007;3112;;
7355;0;132010506;EQUIPAMENTOS C.P.D. - COML.;CONVERSOR DE MIDIA 10/100 RJ45/SC PLANET;30/11/2016;7355;NI;0;TORT2007;3112;;
7356;0;132010506;EQUIPAMENTOS C.P.D. - COML.;CONVERSOR DE MIDIA 10/100 RJ45/SC PLANET;30/11/2016;7356;NI;0;TORT2007;3112;;
7357;0;132010506;EQUIPAMENTOS C.P.D. - COML.;CONVERSOR DE MIDIA 10/100 RJ45/SC PLANET;30/11/2016;7357;NI;0;TORT2007;3112;;
5477;0;132010506;EQUIPAMENTOS C.P.D. - COML.;CPU AMPLANET;30/11/2016;5477;NI;0;TORT2007;3112;;
5526;0;132010506;EQUIPAMENTOS C.P.D. - COML.;CPU AMPLANET;30/11/2016;5526;NI;0;TORT2007;3112;;
8208;2;132010506;EQUIPAMENTOS C.P.D. - COML.;D-LINK AirPlus Xtreme G 2.4GHz Wireless;30/11/2016;8208;NI;0;TORT2007;3112;;
706438;0;132010506;EQUIPAMENTOS C.P.D. - COML.;DLT QUANTUM VS80 40/80GB EXT (BHHBA-YF).;30/11/2016;706438;NI;0;TORT2007;2140;;
8056;0;132010904;MOVEIS E UTENSILIOS - COML.;ESTOFADO GRALHA ICAROS 2 E 3 LUGARES;30/11/2016;8056;NI;0;TORT2007;3112;;
5512;0;132010904;MOVEIS E UTENSILIOS - COML.;FAX PANASONIC;30/11/2016;5512;NI;0;TORT2007;3112;;
5601;0;132010904;MOVEIS E UTENSILIOS - COML.;FOGAO 4 BOCAS SEMER - MULTICONTROL;30/11/2016;5601;NI;0;TORT2007;3112;;
7987;0;132010904;MOVEIS E UTENSILIOS - COML.;FORNO MICROONDAS ELETROLUX 21L 220V;30/11/2016;7987;NI;0;TORT2007;3112;;
5495;0;132010904;MOVEIS E UTENSILIOS - COML.;FRIGOBAR;30/11/2016;5495;NI;0;TORT2007;3112;;
7753;0;132010904;MOVEIS E UTENSILIOS - COML.;GAVETEIRO COM 4 GAVETAS - ARGILA;30/11/2016;7753;NI;0;TORT2007;3112;;
7754;0;132010904;MOVEIS E UTENSILIOS - COML.;GAVETEIRO COM 4 GAVETAS - ARGILA;30/11/2016;7754;NI;0;TORT2007;3112;;
7755;0;132010904;MOVEIS E UTENSILIOS - COML.;GAVETEIRO COM 4 GAVETAS - ARGILA;30/11/2016;7755;NI;0;TORT2007;3112;;
7756;0;132010904;MOVEIS E UTENSILIOS - COML.;GAVETEIRO COM 4 GAVETAS - ARGILA;30/11/2016;7756;NI;0;TORT2007;3112;;
7757;0;132010904;MOVEIS E UTENSILIOS - COML.;GAVETEIRO COM 4 GAVETAS - ARGILA;30/11/2016;7757;NI;0;TORT2007;3112;;
7758;0;132010904;MOVEIS E UTENSILIOS - COML.;GAVETEIRO COM 4 GAVETAS - ARGILA;30/11/2016;7758;NI;0;TORT2007;3112;;
7759;0;132010904;MOVEIS E UTENSILIOS - COML.;GAVETEIRO COM 4 GAVETAS - ARGILA;30/11/2016;7759;NI;0;TORT2007;3112;;
7760;0;132010904;MOVEIS E UTENSILIOS - COML.;GAVETEIRO COM 4 GAVETAS - ARGILA;30/11/2016;7760;NI;0;TORT2007;3112;;
7761;0;132010904;MOVEIS E UTENSILIOS - COML.;GAVETEIRO COM 4 GAVETAS - ARGILA;30/11/2016;7761;NI;0;TORT2007;3112;;
7762;0;132010904;MOVEIS E UTENSILIOS - COML.;GAVETEIRO COM 4 GAVETAS - ARGILA;30/11/2016;7762;NI;0;TORT2007;3112;;
7763;0;132010904;MOVEIS E UTENSILIOS - COML.;GAVETEIRO COM 4 GAVETAS - ARGILA;30/11/2016;7763;NI;0;TORT2007;3112;;
5875;1;132010506;EQUIPAMENTOS C.P.D. - COML.;HP JET DIRECT 170X J3258B;30/11/2016;5875;NI;0;TORT2007;3112;;
7484;0;132010506;EQUIPAMENTOS C.P.D. - COML.;IMPRESSORA MATRICIAL EPSON FX2190 P/N BR;30/11/2016;7484;NI;0;TORT2007;3112;;
5628;0;132010506;EQUIPAMENTOS C.P.D. - COML.;IMPRESSORA RIMA XT 180;30/11/2016;5628;NI;0;TORT2007;3112;;
5494;0;132010506;EQUIPAMENTOS C.P.D. - COML.;IMPRESSORA RIMA XT180;30/11/2016;5494;NI;0;TORT2007;3112;;
8086;0;132010904;MOVEIS E UTENSILIOS - COML.;LAVADORA ELETROLUX MONOF. ELECTRA;30/11/2016;8086;NI;0;TORT2007;3112;;
5536;0;132010904;MOVEIS E UTENSILIOS - COML.;MAQ.ESCREVER OLIVETTI LINEA 98;30/11/2016;5536;NI;0;TORT2007;3112;;
7767;0;132010904;MOVEIS E UTENSILIOS - COML.;MESA AUXILIAR COM RODIZIOS;30/11/2016;7767;NI;0;TORT2007;3112;;
7768;0;132010904;MOVEIS E UTENSILIOS - COML.;MESA AUXILIAR COM RODIZIOS;30/11/2016;7768;NI;0;TORT2007;3112;;
7749;0;132010904;MOVEIS E UTENSILIOS - COML.;MESA COMP. PARA GERENTE, HAYA.;30/11/2016;7749;NI;0;TORT2007;3112;;
8153;0;132010904;MOVEIS E UTENSILIOS - COML.;MESA DE BILHAR.;30/11/2016;8153;NI;0;TORT2007;3112;;
7733;0;132010904;MOVEIS E UTENSILIOS - COML.;MESA DE REUNIAO CIRCULAR - ARGILA;30/11/2016;7733;NI;0;TORT2007;3112;;
7812;0;132010904;MOVEIS E UTENSILIOS - COML.;MESA LATERAL ZE. BELL CROMADA;30/11/2016;7812;NI;0;TORT2007;3112;;
7844;0;132010904;MOVEIS E UTENSILIOS - COML.;MESA MODELO ANTURIO 60x60;30/11/2016;7844;NI;0;TORT2007;3112;;
5613;0;132010904;MOVEIS E UTENSILIOS - COML.;MESA P/ REFEICAO;30/11/2016;5613;NI;0;TORT2007;3112;;
7745;0;132010904;MOVEIS E UTENSILIOS - COML.;MESA RETANGULAR PARA SALA DE REUNIAO;30/11/2016;7745;NI;0;TORT2007;3112;;
7746;0;132010904;MOVEIS E UTENSILIOS - COML.;MESA RETANGULAR PARA SALA DE REUNIAO;30/11/2016;7746;NI;0;TORT2007;3112;;
7747;0;132010904;MOVEIS E UTENSILIOS - COML.;MESA RETANGULAR PARA SALA DE REUNIAO;30/11/2016;7747;NI;0;TORT2007;3112;;
7748;0;132010904;MOVEIS E UTENSILIOS - COML.;MESA RETANGULAR PARA SALA DE REUNIAO;30/11/2016;7748;NI;0;TORT2007;3112;;
704097;1;132010506;EQUIPAMENTOS C.P.D. - COML.;MICROCOMPUTADOR (NOTEBOOK) DELL LATITUDE;30/11/2016;16762;LOGISTICA;0;TORT2007;2140;DELL;E7450
704097;3;132010506;EQUIPAMENTOS C.P.D. - COML.;MICROCOMPUTADOR (NOTEBOOK) DELL LATITUDE;30/11/2016;16762;LOGISTICA;0;TORT2007;2140;DELL;E7450
704192;1;132010506;EQUIPAMENTOS C.P.D. - COML.;MICROCOMPUTADOR (NOTEBOOK) DELL LATITUDE;30/11/2016;704192;NI;0;TORT2007;2140;;
704192;0;132010506;EQUIPAMENTOS C.P.D. - COML.;MICROCOMPUTADOR (NOTEBOOK) DELL LATITUDE;30/11/2016;704192;NI;0;TORT2007;3112;;
704604;0;132010506;EQUIPAMENTOS C.P.D. - COML.;MICROCOMPUTADOR (NOTEBOOK) DELL LATITUDE;30/11/2016;704604;NI;0;TORT2007;2140;;
704604;1;132010506;EQUIPAMENTOS C.P.D. - COML.;MICROCOMPUTADOR (NOTEBOOK) DELL LATITUDE;30/11/2016;704604;NI;0;TORT2007;2140;;
5465;0;132010506;EQUIPAMENTOS C.P.D. - COML.;MONITOR DE VIDEO IBM INFOWINDOW;30/11/2016;5465;NI;0;TORT2007;3112;;
5478;0;132010506;EQUIPAMENTOS C.P.D. - COML.;MONITOR DE VIDEO LG STUDIOWORKS;30/11/2016;5478;NI;0;TORT2007;3112;;
5500;0;132010506;EQUIPAMENTOS C.P.D. - COML.;MONITOR DE VIDEO LG STUDIOWORKS 563A;30/11/2016;5500;NI;0;TORT2007;3112;;
7492;0;132010506;EQUIPAMENTOS C.P.D. - COML.;"MONITOR LG 15"" FLATRON BLACK P/N T530S";30/11/2016;7492;NI;0;TORT2007;3112;;
5475;0;132010506;EQUIPAMENTOS C.P.D. - COML.;NOBREK UPS PROFESSIONAL - TS SHARA;30/11/2016;5475;NI;0;TORT2007;3112;;
11060;1;136010103;EQUIPAMENTOS CPD - COML.;NOTEBOOK DELL LATITUDE D360 INTEL;30/11/2016;11060;NI;0;TORT2007;2140;;
10349;2;132010506;EQUIPAMENTOS C.P.D. - COML.;NOTEBOOK DELL LATITUDE D630;30/11/2016;10349;NI;0;TORT2007;2140;;
11130;1;136010103;EQUIPAMENTOS CPD - COML.;NOTEBOOK DELL LATITUDE D630 INTEL CORE 2;30/11/2016;11130;NI;0;TORT2007;2140;;
11132;1;136010103;EQUIPAMENTOS CPD - COML.;NOTEBOOK DELL LATITUDE D630 INTEL CORE 2;30/11/2016;11132;NI;0;TORT2007;2140;;
11135;1;136010103;EQUIPAMENTOS CPD - COML.;NOTEBOOK DELL LATITUDE D630 INTEL CORE 2;30/11/2016;11135;NI;0;TORT2007;2140;;
11136;1;136010103;EQUIPAMENTOS CPD - COML.;NOTEBOOK DELL LATITUDE D630 INTEL CORE 2;30/11/2016;11136;NI;0;TORT2007;2140;;
11151;1;136010103;EQUIPAMENTOS CPD - COML.;NOTEBOOK DELL LATITUDE D630 INTEL CORE 2;30/11/2016;11151;NI;0;TORT2007;2140;;
8645;2;132010506;EQUIPAMENTOS C.P.D. - COML.;NOTEBOOK ITAUTEC N8610 CORE2 DUO HD 80GB;30/11/2016;8645;NI;0;TORT2007;2140;;
704181;0;132010506;EQUIPAMENTOS C.P.D. - COML.;PROJETOR DELL 1210S.;30/11/2016;704181;NI;0;TORT2007;2160;;
704212;0;132010506;EQUIPAMENTOS C.P.D. - COML.;PROJETOR DELL 1210S.;30/11/2016;704212;NI;0;TORT2007;2140;;
11079;1;136010103;EQUIPAMENTOS CPD - COML.;PROJETOR MULTIMIDIA MARCA DELL DLP 1209S;30/11/2016;11079;NI;0;TORT2007;2140;;
6487;1;132010506;EQUIPAMENTOS C.P.D. - COML.;PROJETOR MULTIM펛IA MARCA INFOCUS X2;30/11/2016;6487;NI;0;TORT2007;2140;;
7648;0;132010904;MOVEIS E UTENSILIOS - COML.;RACK TRONIX EX02 EXAUSTAO PARA TETO;30/11/2016;7648;NI;0;TORT2007;3112;;
6741;1;132010506;EQUIPAMENTOS C.P.D. - COML.;SERVIDOR DELL POWEREDGE 1850 XEON 3.2GHZ;30/11/2016;6741;NI;0;TORT2007;2140;;
5538;0;132010506;EQUIPAMENTOS C.P.D. - COML.;TECLADO COM ILHA NUMERICA;30/11/2016;5538;NI;0;TORT2007;3112;;
7985;0;132010904;MOVEIS E UTENSILIOS - COML.;"TELEVISOR LG 29""";30/11/2016;7985;NI;0;TORT2007;3112;;
7986;0;132010904;MOVEIS E UTENSILIOS - COML.;"TELEVISOR LG 29""";30/11/2016;7986;NI;0;TORT2007;3112;;
5527;0;132010506;EQUIPAMENTOS C.P.D. - COML.;VIDEO MONITOR LG STUDIOWORKS;30/11/2016;5527;NI;0;TORT2007;3112;;
5631;0;132010506;EQUIPAMENTOS C.P.D. - COML.;VIDEO MONITOR- TERMINAL IBM;30/11/2016;5631;NI;0;TORT2007;3112;;
5531;0;132010506;EQUIPAMENTOS C.P.D. - COML.;VIDEO MONITOR/ TERMINAL;30/11/2016;5531;NI;0;TORT2007;3112;;
5502;0;132010506;EQUIPAMENTOS C.P.D. - COML.;WINNET BOCAVISION;30/11/2016;5502;NI;0;TORT2007;3112;;
9925;0;132010904;MOVEIS E UTENSILIOS - COML.;GAVETEIRO COM 4 GAVETAS.;30/11/2016;23510;LOGISTICA;0;TORT2007;3112;;
701756;0;132010904;MOVEIS E UTENSILIOS - COML.;CAMERA DIGITAL SONY CYBERSHOT MOD.DSC-W;30/11/2016;23591;GEREN. VENDA;0;TORT2007;2140;SONY;DSCW1107
14972;0;132010904;MOVEIS E UTENSILIOS - COML.;MARMITEIRO 18 MAN, TERMICA/INOX, BANHO;30/11/2016;23593;REFEIT. EXPE;0;TORT2007;2140;VALMAZ;
9926;0;132010904;MOVEIS E UTENSILIOS - COML.;GAVETEIRO COM 4 GAVETAS.;30/11/2016;23511;LOGISTICA;0;TORT2007;3112;;
14376;0;135010804;MAQUINAS E ACESSORIOS - COML.;PALETEIRA MANUAL LINDE MOD. M25 LARGA;30/11/2016;23600;EXPEDI큐O;0;TORT2007;3112;LINDE;
16621;0;132010904;MOVEIS E UTENSILIOS - COML.;ARMRIO CORTA-FOGO, ALTURA 2.000mm X LAR;30/11/2016;16621;EXPEDI큐O;0;TORT2007;3111;;
10598;0;132010904;MOVEIS E UTENSILIOS - COML.;GAVETEIRO PEDESTAL COM 4 GAVETAS ARGILA;30/11/2016;23601;PORT. EXPEDI;0;TORT2007;3112;;
16217;0;132010904;MOVEIS E UTENSILIOS - COML.;BEBEDOURO INDUSTRIAL ACQUA GELATA 100LT;30/11/2016;16217;APOIO MOTORI;0;TORT2007;3112;ACQUA;PRE100E
16708;0;132010904;MOVEIS E UTENSILIOS - COML.;BEBEDOURO INDUSTRIAL ACQUA GELATA 100LT;30/11/2016;16708;EXPEDI큐O;0;TORT2007;3112;ACQUA;PRE100E
9927;0;132010904;MOVEIS E UTENSILIOS - COML.;GAVETEIRO COM 4 GAVETAS.;30/11/2016;23512;LOGISTICA;0;TORT2007;3112;;
10599;0;132010904;MOVEIS E UTENSILIOS - COML.;GAVETEIRO PEDESTAL COM 4 GAVETAS ARGILA;30/11/2016;23612;GEREN. VENDA;0;TORT2007;3112;;
9930;0;132010904;MOVEIS E UTENSILIOS - COML.;CADEIRA PARIS FRISOKAR.;30/11/2016;23614;GEREN. VENDA;0;TORT2007;3112;;
10596;0;132010904;MOVEIS E UTENSILIOS - COML.;GAVETEIRO PEDESTAL COM 4 GAVETAS ARGILA;30/11/2016;23513;LOGISTICA;0;TORT2007;3112;;
9928;0;132010904;MOVEIS E UTENSILIOS - COML.;CADEIRA PARIS FRISOKAR.;30/11/2016;23615;GEREN. VENDA;0;TORT2007;3112;;
9929;0;132010904;MOVEIS E UTENSILIOS - COML.;CADEIRA PARIS FRISOKAR.;30/11/2016;23616;GEREN. VENDA;0;TORT2007;3112;;
10602;0;132010904;MOVEIS E UTENSILIOS - COML.;ESTAES DE TRABALHO ( MESA ) COR ARGILA;30/11/2016;23624;VENDAS;0;TORT2007;3112;;
10597;0;132010904;MOVEIS E UTENSILIOS - COML.;GAVETEIRO PEDESTAL COM 4 GAVETAS ARGILA;30/11/2016;23514;LOGISTICA;0;TORT2007;3112;;
10603;0;132010904;MOVEIS E UTENSILIOS - COML.;ESTAES DE TRABALHO ( MESA ) COR ARGILA;30/11/2016;23625;VENDAS;0;TORT2007;3112;;
9932;0;132010904;MOVEIS E UTENSILIOS - COML.;ESTACAO ( MESA ) PARA TRABALHO;30/11/2016;23656;SALA TECNICO;0;TORT2007;3112;;
9931;0;132010904;MOVEIS E UTENSILIOS - COML.;ESTACAO ( MESA ) PARA TRABALHO.;30/11/2016;23657;SALA TECNICO;0;TORT2007;3112;;
10600;0;132010904;MOVEIS E UTENSILIOS - COML.;ESTAES DE TRABALHO ( MESA ) COR ARGILA;30/11/2016;23658;SALA TECNICO;0;TORT2007;3112;;
10601;0;132010904;MOVEIS E UTENSILIOS - COML.;ESTAES DE TRABALHO ( MESA ) COR ARGILA;30/11/2016;23659;SALA TECNICO;0;TORT2007;3112;;
9864;0;132010904;MOVEIS E UTENSILIOS - COML.;APARELHO DE AR CONDICIONADO SPRINGER;30/11/2016;23661;SALA TECNICO;0;TORT2007;3112;SPRING;42MCB012
9924;0;132010904;MOVEIS E UTENSILIOS - COML.;MESA P/COMP. C/TECLADO 25MM.;30/11/2016;23522;LOGISTICA;0;TORT2007;3112;;
7287;0;132010904;MOVEIS E UTENSILIOS - COML.;CONJUNTO UNIDADE EVAPORADORA MOD. MCW524;30/11/2016;23527;LOGISTICA;0;TORT2007;3112;TRANE;MCX536
7294;0;132010904;MOVEIS E UTENSILIOS - COML.;CONJUNTO UNIDADE EVAPORADORA MOD. MCX048;30/11/2016;23528;LOGISTICA;0;TORT2007;3112;TRANE;MCX536
15322;0;132010506;EQUIPAMENTOS C.P.D. - COML.;DESKTOP HP COMPAQ 6200 MT BRASIL;30/11/2016;23533;LOGISTICA;0;TORT2007;3112;HP COM;6200 PRO
15405;0;132010506;EQUIPAMENTOS C.P.D. - COML.;MONITOR HP LDC 18,5;30/11/2016;23534;LOGISTICA;0;TORT2007;3112;HP/LG;W1943
15323;0;132010506;EQUIPAMENTOS C.P.D. - COML.;DESKTOP HP COMPAQ 6200 MT BRASIL;30/11/2016;23535;LOGISTICA;0;TORT2007;3112;HP COM;6200 PRO
15406;0;132010506;EQUIPAMENTOS C.P.D. - COML.;MONITOR HP LDC 18,5;30/11/2016;23536;LOGISTICA;0;TORT2007;3112;HP/LG;W1943
15324;0;132010506;EQUIPAMENTOS C.P.D. - COML.;DESKTOP HP COMPAQ 6200 MT BRASIL;30/11/2016;23537;LOGISTICA;0;TORT2007;3112;HP COM;6200 PRO
16762;0;132010506;EQUIPAMENTOS C.P.D. - COML.;"LATITUDE E7450 (ULTRABOOK - TELA 14"") -";30/11/2016;16762;NI;0;TORT2007;3112;;
15407;0;132010506;EQUIPAMENTOS C.P.D. - COML.;MONITOR HP LDC 18,5;30/11/2016;23539;LOGISTICA;0;TORT2007;3112;HP/LG;W1943
16574;0;135010804;MAQUINAS E ACESSORIOS - COML.;CONJUNTO DE SISTEMA PARA CD GOIANIA;30/11/2016;16574;LOGISTICA;0;TORT2007;3112;;
7292;0;132010904;MOVEIS E UTENSILIOS - COML.;CONJUNTO UNIDADE EVAPORADORA MOD. MCX048;30/11/2016;23542;RECEP큐O;0;TORT2007;3112;TRANE;
15326;0;132010506;EQUIPAMENTOS C.P.D. - COML.;DESKTOP HP COMPAQ 6200 MT BRASIL;30/11/2016;23545;RECEP큐O;0;TORT2007;3112;HP;6200 PRO
16812;0;132010904;MOVEIS E UTENSILIOS - COML.;REL휺IO DE PONTO REP - MODELO MD 0705 QU;30/11/2016;21192;RECEP큐O;0;TORT2007;3112;MADIS;MD-0705
7293;0;132010904;MOVEIS E UTENSILIOS - COML.;CONJUNTO UNIDADE EVAPORADORA MOD. MCX048;30/11/2016;23552;SALA DE CONV;0;TORT2007;3112;TRANE;MCW524K1
9923;0;132010904;MOVEIS E UTENSILIOS - COML.;MESA PARA TRABALHO S/GAVETA CONEXAO 25MM;30/11/2016;23559;REFEITORIO;0;TORT2007;3112;;
16178;0;132010506;EQUIPAMENTOS C.P.D. - COML.;SWITCH CISCO - CE BRAZIL CATALYST 2960S;30/11/2016;23579;DATA ROOM;0;TORT2007;3112;CISCO;CATALYST
7298;0;132010904;MOVEIS E UTENSILIOS - COML.;CONJUNTO UNIDADE CONDENSADORA MOD.TRAE05;30/11/2016;23584;DATA ROOM;0;TORT2007;3112;TRANE;MCW518
12139;0;132010506;EQUIPAMENTOS C.P.D. - COML.;PROJETOR DELL 1420 X;30/11/2016;23587;VENDAS;0;TORT2007;2193;DELL;19120353
12140;0;132010506;EQUIPAMENTOS C.P.D. - COML.;PROJETOR DELL 1420 X;30/11/2016;23588;VENDAS;0;TORT2007;2193;DELL;DWM5LJ1
15150;0;132010506;EQUIPAMENTOS C.P.D. - COML.;PROJETOR DELL 1610HD - COD 224-8090;30/11/2016;23589;VENDAS;0;TORT2007;2140;DELL;C3DC3W1
7299;0;132010904;MOVEIS E UTENSILIOS - COML.;CONJUNTO UNIDADE CONDENSADORA MOD.TRAE04;30/11/2016;7299;NI;0;TORT2007;3112;;
7300;0;132010904;MOVEIS E UTENSILIOS - COML.;CONJUNTO UNIDADE CONDENSADORA MOD.TRAE04;30/11/2016;7300;NI;0;TORT2007;3112;;
7301;0;132010904;MOVEIS E UTENSILIOS - COML.;CONJUNTO UNIDADE CONDENSADORA MOD.TRAE04;30/11/2016;7301;NI;0;TORT2007;3112;;
7297;0;132010904;MOVEIS E UTENSILIOS - COML.;CONJUNTO UNIDADE CONDENSADORA MOD.TRAE05;30/11/2016;7297;NI;0;TORT2007;3112;;
12139;2;132010506;EQUIPAMENTOS C.P.D. - COML.;MALETA P/ PROJETOR DELL;30/11/2016;23587;VENDAS;0;TORT2007;2193;DELL;19120353
12140;1;132010506;EQUIPAMENTOS C.P.D. - COML.;MALETA P/ PROJETOR DELL;30/11/2016;23588;VENDAS;0;TORT2007;2193;DELL;DWM5LJ1
16762;1;132010506;EQUIPAMENTOS C.P.D. - COML.;MOUSE;30/11/2016;16762;NI;0;TORT2007;3112;;
12139;1;132010506;EQUIPAMENTOS C.P.D. - COML.;SERVICO DE GARANTIA PROJETOR;30/11/2016;23587;VENDAS;0;TORT2007;2193;DELL;19120353
16574;2;135010804;MAQUINAS E ACESSORIOS - COML.;SERVI큞 DE INSTALA츒 DE CFTV;30/11/2016;16574;LOGISTICA;0;TORT2007;3112;;
9864;1;132010904;MOVEIS E UTENSILIOS - COML.;SERVICOS DE INSTALACAO DO APARELHO DE AR;30/11/2016;23661;SALA TECNICO;0;TORT2007;3112;SPRING;42MCB012
11965;0;132010904;MOVEIS E UTENSILIOS - COML.;CAIXA ACUSTICA AMPLIFICADA PORTATIL;30/11/2016;11965;NI;0;TORT2007;3112;;
15212;0;132010506;EQUIPAMENTOS C.P.D. - COML.;HP NOTEBOOK 6460B;30/11/2016;15212;NI;0;TORT2007;2143;;
15220;0;132010506;EQUIPAMENTOS C.P.D. - COML.;HP NOTEBOOK 6460B;30/11/2016;15220;NI;0;TORT2007;2444;;
15098;0;132010506;EQUIPAMENTOS C.P.D. - COML.;MICROCOMPUTADOR PORTATIL DELL LATITUDE;30/11/2016;15098;NI;0;TORT2007;2150;;
15068;0;132010506;EQUIPAMENTOS C.P.D. - COML.;MICROCOMPUTADOR PORTATIL DELL LATITUDE;30/11/2016;15068;NI;0;TORT2007;2193;;
15069;0;132010506;EQUIPAMENTOS C.P.D. - COML.;MICROCOMPUTADOR PORTATIL DELL LATITUDE;30/11/2016;15069;NI;0;TORT2007;2440;;
15095;0;132010506;EQUIPAMENTOS C.P.D. - COML.;MICROCOMPUTADOR PORTATIL DELL LATITUDE;30/11/2016;15095;NI;0;TORT2007;2140;;
15096;0;132010506;EQUIPAMENTOS C.P.D. - COML.;MICROCOMPUTADOR PORTATIL DELL LATITUDE;30/11/2016;15096;NI;0;TORT2007;2191;;
15097;0;132010506;EQUIPAMENTOS C.P.D. - COML.;MICROCOMPUTADOR PORTATIL DELL LATITUDE;30/11/2016;15097;NI;0;TORT2007;2191;;
15099;0;132010506;EQUIPAMENTOS C.P.D. - COML.;MICROCOMPUTADOR PORTATIL DELL LATITUDE;30/11/2016;15099;NI;0;TORT2007;2191;;
15100;0;132010506;EQUIPAMENTOS C.P.D. - COML.;MICROCOMPUTADOR PORTATIL DELL LATITUDE;30/11/2016;15100;NI;0;TORT2007;2440;;
15101;0;132010506;EQUIPAMENTOS C.P.D. - COML.;MICROCOMPUTADOR PORTATIL DELL LATITUDE;30/11/2016;15101;NI;0;TORT2007;2440;;
16574;1;135010804;MAQUINAS E ACESSORIOS - COML.;"MONITOR AOC PROFISSIONAL 42""";30/11/2016;16574;LOGISTICA;0;TORT2007;3112;;
15409;0;132010506;EQUIPAMENTOS C.P.D. - COML.;MONITOR HP LDC 18,5;30/11/2016;15409;NI;0;TORT2007;3112;;
